user_id,age_bucket,gender,country,avg_budget
A571712,45-54,female,BE,60
A316894,35-44,female,BE,120
A104612,45-54,male,BE,60
A737920,45-54,male,BE,60
A847569,45-54,male,BE,80
A417930,25-34,female,BE,80
A415175,25-34,female,BE,120
A345994,25-34,male,BE,200
A332452,45-54,female,BE,80
A851105,35-44,male,BE,200
A210766,35-44,male,BE,120
A147818,25-34,male,BE,60
A379225,25-34,male,BE,200
A463968,18-24,male,BE,120
A581464,35-44,male,BE,80
A454330,25-34,male,BE,40
A694330,25-34,female,BE,120
A349001,35-44,female,BE,120
A445192,25-34,female,BE,80
A129645,45-54,male,BE,60
A472243,35-44,female,BE,60
A949653,25-34,male,BE,120
A779966,45-54,female,BE,60
A908129,45-54,female,BE,200
A963411,45-54,male,BE,40
A290618,18-24,male,BE,120
A883269,18-24,male,BE,80
A855381,18-24,male,BE,40
A718439,35-44,male,BE,40
A264410,35-44,male,BE,200
A774604,35-44,male,BE,120
A995197,18-24,female,BE,120
A286754,25-34,female,BE,80
A954936,18-24,female,BE,200
A863135,18-24,female,BE,80
A463153,45-54,male,BE,60
A984376,45-54,male,BE,120
A272521,45-54,female,BE,120
A456858,35-44,male,BE,80
A156272,35-44,female,BE,200
A724677,18-24,male,BE,40
A567017,45-54,female,BE,40
A992992,25-34,female,BE,120
A299443,35-44,female,BE,80
A775151,25-34,female,BE,120
A749946,25-34,male,BE,120
A155822,18-24,female,BE,40
A218405,45-54,female,BE,60
A346830,35-44,male,BE,60
A807691,35-44,female,BE,120
A608652,25-34,male,BE,40
A800219,45-54,male,BE,80
A655663,35-44,female,BE,200
A653808,18-24,male,BE,60
A131709,18-24,female,BE,40
A949802,35-44,male,BE,40
A293461,45-54,male,BE,40
A772579,25-34,male,BE,40
A877755,18-24,male,BE,200
A954227,35-44,male,BE,60
A532199,18-24,male,BE,200
A441153,45-54,male,BE,60
A452412,25-34,male,BE,60
A191959,45-54,male,BE,40
A915295,45-54,female,BE,120
A578094,35-44,male,BE,80
A958486,35-44,male,BE,40
A645232,25-34,female,BE,200
A796291,45-54,female,BE,80
A238723,25-34,female,BE,200
A853423,18-24,male,BE,80
A126121,35-44,male,BE,200
A696905,25-34,female,BE,200
A980008,35-44,female,BE,40
A577632,35-44,female,BE,80
A123914,18-24,male,BE,60
A982509,45-54,female,BE,200
A935560,18-24,male,BE,60
A987419,35-44,female,BE,80
A404286,25-34,male,BE,80
A512619,45-54,female,BE,40
A477459,35-44,female,BE,120
A631511,25-34,female,BE,120
A351465,18-24,female,BE,120
A824590,25-34,female,BE,60
A933203,45-54,female,BE,80
A141324,18-24,female,BE,120
A557719,25-34,female,BE,60
A531274,25-34,female,BE,80
A168297,18-24,female,BE,60
A158935,18-24,male,BE,40
A522030,45-54,female,BE,200
A119281,45-54,female,BE,60
A351033,45-54,male,BE,80
A958862,25-34,female,BE,60
A768159,35-44,female,BE,80
A570512,35-44,male,BE,120
A537249,18-24,female,BE,120
A622585,25-34,male,BE,60
A246447,25-34,female,BE,40
A395849,18-24,female,BE,60
A375356,35-44,female,BE,60
A745933,25-34,female,BE,40
A933351,35-44,male,BE,80
A712110,45-54,female,BE,40
A513816,35-44,female,BE,120
A823111,45-54,female,BE,60
A684808,18-24,male,BE,60
A218127,18-24,male,BE,80
A547290,35-44,male,BE,200
A196818,35-44,female,BE,200
A691102,18-24,female,BE,40
A393132,35-44,male,BE,60
A286090,35-44,male,BE,200
A120947,18-24,male,BE,120
A618288,35-44,male,BE,40
A283946,45-54,female,BE,60
A562580,25-34,male,BE,40
A870194,18-24,female,BE,120
A244053,18-24,female,BE,120
A437116,35-44,female,BE,200
A132744,45-54,male,BE,40
A562114,18-24,male,BE,40
A236938,18-24,male,BE,60
A355562,25-34,female,BE,120
A344627,18-24,male,BE,120
A548953,25-34,male,BE,80
A917798,25-34,male,BE,80
A362193,35-44,male,BE,200
A662146,25-34,female,BE,120
A904469,45-54,male,BE,60
A985811,18-24,female,BE,40
A912641,18-24,female,BE,80
A102906,18-24,male,BE,40
A811717,45-54,male,BE,80
A277683,45-54,male,BE,200
A805680,45-54,female,BE,60
A935031,35-44,male,BE,200
A741457,35-44,female,BE,200
A872767,45-54,male,BE,200
A582105,18-24,female,BE,200
A896906,18-24,female,BE,200
A583208,45-54,female,BE,120
A489545,25-34,female,BE,40
A273557,35-44,male,BE,60
A231414,18-24,male,BE,60
A317215,25-34,male,BE,80
A955308,45-54,male,BE,200
A532146,25-34,female,BE,200
A200359,45-54,female,BE,40
A803528,18-24,female,BE,200
A909159,45-54,female,BE,60
A210329,35-44,male,BE,60
A879738,45-54,female,BE,120
A515892,25-34,male,BE,200
A110959,25-34,male,BE,200
A993110,25-34,female,BE,40
A102515,35-44,female,BE,200
A702191,25-34,female,BE,80
A189592,25-34,male,BE,60
A266705,18-24,male,BE,200
A166954,25-34,female,BE,60
A672220,45-54,male,BE,40
A390418,18-24,female,BE,60
A334814,45-54,female,BE,40
A646315,18-24,female,BE,80
A194702,25-34,female,BE,40
A877229,45-54,female,BE,60
A153607,35-44,female,BE,200
A949719,25-34,male,BE,200
A917616,45-54,female,BE,120
A864823,45-54,male,BE,200
A254587,18-24,male,BE,120
A532149,35-44,male,BE,200
A254843,45-54,male,BE,40
A561899,25-34,female,BE,80
A654454,45-54,female,BE,80
A747164,18-24,male,BE,60
A466790,35-44,male,BE,120
A830641,45-54,male,BE,80
A483990,35-44,female,BE,200
A823061,35-44,female,BE,120
A466351,35-44,female,BE,40
A652370,45-54,female,BE,40
A106420,18-24,female,BE,80
A320779,25-34,female,BE,80
A114010,35-44,male,BE,40
A879932,45-54,male,BE,120
A542012,18-24,female,BE,60
A998601,35-44,female,BE,40
A252139,35-44,female,BE,200
A821337,35-44,male,BE,40
A831323,45-54,female,BE,80
A515983,18-24,male,BE,80
A176722,45-54,female,BE,40
A625628,35-44,male,BE,60
A576404,18-24,male,BE,120
A502719,25-34,female,BE,120
A341136,25-34,male,BE,120
A287572,35-44,female,BE,200
A612307,25-34,female,BE,40
A941352,25-34,female,BE,120
A795184,25-34,male,BE,80
A356723,18-24,male,BE,40
A162550,18-24,male,BE,60
A841446,18-24,male,BE,120
A571909,18-24,male,BE,200
A100510,18-24,male,BE,80
A686467,35-44,female,BE,60
A243129,45-54,female,BE,200
A700650,25-34,male,BE,120
A627637,45-54,female,BE,120
A404234,18-24,female,BE,200
A564323,25-34,female,BE,80
A990281,45-54,female,BE,80
A463690,45-54,female,BE,80
A556214,18-24,male,BE,60
A988150,35-44,male,BE,60
A822818,25-34,female,BE,60
A529749,35-44,female,BE,120
A233040,45-54,male,BE,200
A792208,18-24,male,BE,60
A918401,18-24,female,BE,200
A577741,35-44,male,BE,80
A367296,35-44,male,BE,120
A984257,25-34,male,BE,200
A883860,18-24,female,BE,60
A548826,25-34,female,BE,120
A418375,45-54,female,BE,200
A563715,45-54,male,BE,200
A391912,25-34,male,BE,120
A272292,45-54,female,BE,80
A242832,25-34,female,BE,200
A465403,45-54,female,BE,40
A510969,18-24,female,BE,60
A855716,25-34,female,BE,40
A768032,35-44,female,BE,40
A163319,35-44,male,BE,60
A670128,18-24,male,BE,80
A597382,18-24,female,BE,60
A790279,25-34,male,BE,200
A470147,25-34,male,BE,60
A427276,25-34,male,BE,40
A733320,18-24,female,BE,40
A376163,18-24,male,BE,80
A260807,18-24,male,BE,120
A112404,35-44,female,BE,60
A333284,18-24,male,BE,40
A435599,25-34,female,BE,200
A519583,35-44,female,BE,60
A313953,45-54,female,BE,80
A309221,45-54,female,BE,120
A167960,35-44,female,BE,200
A230499,35-44,male,BE,80
A680846,45-54,male,BE,60
A983348,35-44,female,BE,40
A697810,45-54,male,BE,200
A458590,18-24,female,BE,80
A472518,45-54,female,BE,40
A603383,25-34,female,BE,60
A961387,45-54,female,BE,40
A966356,25-34,male,BE,40
A732220,45-54,male,BE,200
A758903,35-44,female,BE,120
A108807,35-44,male,BE,80
A245739,35-44,female,BE,80
A496466,45-54,female,BE,200
A431582,18-24,male,BE,80
A444780,45-54,female,BE,200
A448539,18-24,male,BE,40
A744650,35-44,male,BE,120
A581061,45-54,female,BE,200
A785572,45-54,female,BE,60
A373673,45-54,female,BE,120
A740392,45-54,female,BE,200
A622154,45-54,female,BE,60
A518655,25-34,male,BE,80
A377839,25-34,male,BE,200
A607667,35-44,female,BE,40
A133847,25-34,female,BE,120
A465871,18-24,female,BE,200
A453457,18-24,female,BE,120
A401256,18-24,male,BE,60
A348076,25-34,male,BE,80
A462555,25-34,female,BE,80
A253806,18-24,male,BE,200
A203573,25-34,male,BE,80
A809722,45-54,male,BE,200
A407589,25-34,female,BE,200
A966689,45-54,male,BE,80
A606401,35-44,female,BE,40
A310457,25-34,male,BE,120
A467313,45-54,female,BE,80
A437700,18-24,female,BE,40
A349001,35-44,male,BE,200
A356208,18-24,female,BE,200
A684497,35-44,male,BE,60
A617829,25-34,male,BE,200
A296720,35-44,female,BE,40
A418348,35-44,male,BE,40
A907535,25-34,male,BE,40
A653733,35-44,male,BE,200
A293677,25-34,female,BE,120
A143181,25-34,female,BE,200
A186415,45-54,female,BE,200
A178119,35-44,female,BE,40
A357494,25-34,male,BE,200
A663970,25-34,female,BE,40
A622994,25-34,female,BE,40
A717694,18-24,female,BE,40
A384257,45-54,male,BE,120
A142413,25-34,female,BE,200
A404349,25-34,female,BE,40
A698858,35-44,male,BE,200
A105768,45-54,male,BE,40
A371870,18-24,female,BE,40
A851109,25-34,male,BE,40
A316681,18-24,male,BE,40
A965720,25-34,male,BE,40
A563467,35-44,male,BE,120
A358722,35-44,female,BE,40
A988471,18-24,male,BE,60
A258510,25-34,male,BE,40
A660574,18-24,female,BE,40
A541737,18-24,male,BE,200
A321192,18-24,male,BE,60
A464538,45-54,female,BE,80
A446689,45-54,female,BE,200
A472211,45-54,male,BE,80
A739898,45-54,female,BE,60
A963448,25-34,female,BE,200
A110273,35-44,male,BE,60
A887525,35-44,male,BE,80
A171549,18-24,male,BE,60
A627386,18-24,male,BE,40
A429863,25-34,male,BE,200
A112648,25-34,male,BE,40
A132820,45-54,male,BE,40
A429314,45-54,male,BE,40
A178915,35-44,male,BE,60
A531366,45-54,male,BE,200
A784762,25-34,female,BE,120
A685810,18-24,male,BE,200
A297093,35-44,female,BE,120
A633367,35-44,female,BE,120
A267298,35-44,male,BE,80
A497165,35-44,male,BE,120
A364771,35-44,male,BE,60
A656308,35-44,male,BE,120
A423864,35-44,male,BE,200
A338613,45-54,female,BE,60
A637323,35-44,male,BE,200
A375148,45-54,female,BE,40
A338937,18-24,male,BE,120
A639130,18-24,male,BE,120
A130229,25-34,male,BE,40
A774593,25-34,female,BE,40
A149718,18-24,male,BE,200
A635502,35-44,female,BE,200
A529799,18-24,male,BE,120
A928288,35-44,female,BE,200
A166375,18-24,female,BE,120
A455844,25-34,female,BE,60
A813373,35-44,male,BE,40
A102783,45-54,male,BE,40
A118334,18-24,male,BE,40
A449505,45-54,female,BE,200
A804303,25-34,male,BE,40
A778556,18-24,male,BE,40
A705814,25-34,female,BE,200
A716978,18-24,male,BE,120
A634300,25-34,female,BE,120
A579985,25-34,female,BE,200
A597649,35-44,female,BE,80
A911616,18-24,male,BE,80
A963406,35-44,female,BE,200
A809962,25-34,male,BE,40
A201353,25-34,female,BE,40
A110777,18-24,female,BE,80
A349849,45-54,male,BE,60
A273220,18-24,female,BE,40
A721285,18-24,male,BE,200
A698873,25-34,male,BE,40
A986087,35-44,male,BE,60
A778449,45-54,male,BE,40
A907333,18-24,female,BE,120
A622006,35-44,female,BE,40
A634682,45-54,male,BE,40
A124130,45-54,female,BE,200
A160666,35-44,female,BE,120
A546406,35-44,male,BE,60
A773783,45-54,male,BE,40
A798729,45-54,female,BE,200
A687121,25-34,female,BE,80
A432418,18-24,female,BE,60
A335212,18-24,male,BE,120
A499550,25-34,female,BE,120
A297939,35-44,female,BE,40
A666512,45-54,male,BE,200
A238941,45-54,female,BE,120
A411775,25-34,male,BE,40
A484538,18-24,female,BE,200
A236373,35-44,male,BE,60
A292265,45-54,female,BE,80
A225351,35-44,male,BE,40
A307358,35-44,male,BE,200
A902668,35-44,female,BE,200
A194363,18-24,male,BE,200
A909897,18-24,female,BE,40
A762406,25-34,male,BE,120
A880070,45-54,female,BE,60
A704774,35-44,male,BE,200
A541796,25-34,male,BE,200
A918276,18-24,male,BE,40
A223125,45-54,female,BE,80
A445322,25-34,female,BE,40
A931466,45-54,female,BE,200
A916753,35-44,male,BE,80
A652114,35-44,female,BE,80
A712121,45-54,male,BE,40
A995241,45-54,male,BE,120
A805703,25-34,male,BE,120
A176018,25-34,male,BE,80
A612050,25-34,male,BE,200
A917797,45-54,male,BE,40
A666449,45-54,female,BE,80
A318303,35-44,male,BE,60
A106528,25-34,female,BE,60
A541677,18-24,male,BE,60
A880268,25-34,male,BE,40
A469057,18-24,male,BE,60
A266886,18-24,female,BE,80
A573442,18-24,male,BE,60
A696092,45-54,female,BE,80
A286217,18-24,female,BE,200
A211102,35-44,female,BE,120
A676356,25-34,female,BE,40
A998695,25-34,male,BE,80
A149118,18-24,female,BE,60
A230067,25-34,male,BE,40
A721874,45-54,female,BE,80
A272452,25-34,male,BE,40
A676693,45-54,male,BE,80
A299121,25-34,male,BE,40
A393104,45-54,female,BE,120
A488024,18-24,female,BE,60
A370185,25-34,male,BE,120
A601161,25-34,female,BE,60
A516670,18-24,female,BE,80
A569864,25-34,male,BE,200
A108297,25-34,male,BE,60
A252546,35-44,female,BE,80
A954545,18-24,female,BE,40
A276620,35-44,male,BE,200
A709689,25-34,male,BE,60
A960610,35-44,female,BE,60
A905690,25-34,female,BE,200
A225674,35-44,male,BE,200
A418147,25-34,male,BE,200
A979880,45-54,male,BE,120
A861678,25-34,male,BE,200
A298181,35-44,female,BE,40
A464187,45-54,male,BE,40
A342959,35-44,male,BE,120
A502222,45-54,female,BE,200
A750329,18-24,female,BE,200
A447088,25-34,female,BE,60
A440522,35-44,male,BE,80
A802940,45-54,female,BE,60
A347682,18-24,female,BE,80
A367779,18-24,female,BE,40
A781133,45-54,female,BE,80
A473093,25-34,male,BE,200
A354116,35-44,male,BE,60
A902416,25-34,male,BE,40
A186121,35-44,female,BE,60
A212604,25-34,male,BE,40
A304524,35-44,female,BE,200
A591854,18-24,male,BE,60
A485164,25-34,female,BE,60
A341299,18-24,female,BE,40
A592496,45-54,female,BE,80
A118221,45-54,male,BE,200
A108807,25-34,male,BE,120
A200902,25-34,female,BE,60
A256031,25-34,female,BE,60
A396279,35-44,male,BE,120
A341104,35-44,female,BE,60
A755785,18-24,male,BE,60
A798508,18-24,male,BE,40
A574883,18-24,male,BE,60
A662579,25-34,male,BE,40
A764285,35-44,male,BE,120
A597369,25-34,male,BE,200
A641247,18-24,male,BE,80
A906473,18-24,male,BE,120
A195154,18-24,male,BE,60
A513727,45-54,female,BE,120
A407963,25-34,female,BE,80
A192448,25-34,female,BE,40
A825510,18-24,male,BE,60
A463155,18-24,male,BE,80
A667582,18-24,female,BE,200
A262021,18-24,male,BE,40
A290787,35-44,female,BE,120
A169215,35-44,female,BE,60
A844011,18-24,female,BE,40
A123711,35-44,male,BE,200
A924445,18-24,male,BE,40
A427438,45-54,female,BE,120
A408293,35-44,female,BE,60
A491407,45-54,male,BE,80
A397135,18-24,female,BE,200
A727861,18-24,male,BE,40
A197724,18-24,female,BE,80
A519699,45-54,male,BE,80
A120311,18-24,female,BE,60
A300294,18-24,male,BE,120
A637246,25-34,male,BE,60
A762338,18-24,male,BE,120
A143820,25-34,male,BE,80
A582725,45-54,female,BE,120
A312187,35-44,female,BE,40
A657520,45-54,male,BE,40
A832119,25-34,male,BE,40
A169766,18-24,female,BE,80
A161869,18-24,female,BE,60
A898673,18-24,male,BE,60
A501049,35-44,female,BE,80
A583898,25-34,male,BE,60
A461537,18-24,female,BE,200
A321562,25-34,male,BE,80
A941985,18-24,male,BE,200
A187806,45-54,male,BE,80
A591960,35-44,male,BE,80
A220285,18-24,female,BE,120
A450719,35-44,male,BE,60
A137562,18-24,male,BE,120
A867038,25-34,male,BE,120
A729848,18-24,female,BE,80
A714103,18-24,female,BE,40
A405128,25-34,female,BE,120
A539722,18-24,female,BE,60
A378939,35-44,female,BE,40
A173901,18-24,female,BE,80
A780722,18-24,male,BE,200
A603853,45-54,female,BE,200
A522223,18-24,female,BE,60
A699059,35-44,male,BE,120
A312773,25-34,male,BE,60
A756410,18-24,female,BE,80
A491850,45-54,male,BE,200
A601335,18-24,female,BE,40
A315983,25-34,female,BE,200
A319386,25-34,female,BE,40
A287857,45-54,male,BE,120
A862958,45-54,male,BE,200
A516162,25-34,male,BE,60
A917107,25-34,male,BE,40
A335820,35-44,male,BE,40
A607682,45-54,male,BE,120
A144210,35-44,female,BE,40
A317309,35-44,male,BE,40
A862019,45-54,female,BE,120
A404993,25-34,female,BE,200
A575003,35-44,male,BE,40
A340138,18-24,male,BE,40
A999169,18-24,male,BE,80
A786337,35-44,female,BE,40
A990662,45-54,male,BE,40
A535031,45-54,male,BE,200
A892658,35-44,female,BE,60
A971466,35-44,male,BE,200
A474225,25-34,female,BE,80
A836120,18-24,male,BE,80
A894043,35-44,female,BE,120
A437731,18-24,male,BE,60
A687728,25-34,male,BE,60
A151257,45-54,female,BE,200
A915715,35-44,female,BE,80
A402197,25-34,female,BE,200
A338500,18-24,male,BE,60
A820989,18-24,male,BE,60
A150314,18-24,female,BE,120
A490037,18-24,male,BE,80
A754438,25-34,male,BE,200
A180768,18-24,male,BE,60
A400176,18-24,male,BE,200
A761630,25-34,male,BE,200
A839592,35-44,male,BE,60
A811194,18-24,male,BE,120
A912975,35-44,male,BE,120
A532813,45-54,female,BE,40
A970194,18-24,female,BE,60
A489463,35-44,female,BE,120
A227404,35-44,female,BE,200
A766667,18-24,female,BE,80
A783680,25-34,male,BE,60
A383546,35-44,female,BE,80
A115602,45-54,male,BE,200
A700067,25-34,male,BE,120
A649228,35-44,male,BE,200
A101624,18-24,female,BE,120
A283543,35-44,male,BE,40
A925495,25-34,female,BE,60
A706496,35-44,male,BE,200
A223279,25-34,male,BE,40
A800450,35-44,female,BE,80
A784395,25-34,female,BE,120
A970941,25-34,male,BE,80
A870074,45-54,female,BE,60
A351355,18-24,female,BE,40
A513644,18-24,male,BE,200
A154985,25-34,female,BE,40
A766343,45-54,male,BE,200
A919970,45-54,male,BE,120
A353304,18-24,male,BE,40
A554341,35-44,male,BE,80
A707925,18-24,female,BE,120
A754712,35-44,female,BE,200
A906782,25-34,female,BE,40
A659699,25-34,female,BE,60
A873711,18-24,male,BE,80
A812174,25-34,male,BE,120
A326461,25-34,male,BE,40
A438209,25-34,male,BE,60
A748726,25-34,female,BE,40
A595280,45-54,female,BE,80
A615139,45-54,male,BE,200
A106260,18-24,female,BE,40
A475969,35-44,female,BE,120
A705065,35-44,female,BE,60
A678895,25-34,male,BE,200
A980759,25-34,male,BE,40
A286977,35-44,male,BE,40
A485896,18-24,male,BE,200
A467768,18-24,male,BE,120
A474207,25-34,male,BE,60
A717730,45-54,female,BE,40
A883930,25-34,female,BE,200
A762527,25-34,male,BE,60
A617170,35-44,male,BE,120
A908861,35-44,female,BE,120
A258828,35-44,male,BE,120
A248076,25-34,male,BE,40
A747520,35-44,male,BE,40
A790906,35-44,male,BE,120
A886115,45-54,female,BE,40
A855306,35-44,female,BE,200
A752421,25-34,female,BE,80
A755387,35-44,female,BE,40
A543201,18-24,male,BE,120
A291477,18-24,male,BE,40
A557813,35-44,female,BE,80
A405573,25-34,female,BE,40
A469838,45-54,female,BE,40
A101696,45-54,female,BE,40
A207369,18-24,female,BE,80
A425781,25-34,male,BE,40
A276019,35-44,female,BE,60
A166097,18-24,female,BE,60
A833282,18-24,female,BE,60
A804823,35-44,male,BE,80
A168482,18-24,female,BE,80
A146391,45-54,female,BE,120
A261751,18-24,male,BE,80
A922930,35-44,male,BE,60
A283570,25-34,female,BE,80
A541925,45-54,female,BE,80
A420113,18-24,female,BE,200
A864963,18-24,female,BE,200
A618169,25-34,male,BE,40
A287860,45-54,male,BE,200
A942246,35-44,male,BE,60
A257695,45-54,female,BE,60
A961208,25-34,female,BE,80
A716125,18-24,male,BE,40
A544214,18-24,male,BE,60
A978758,25-34,female,BE,120
A453717,45-54,male,BE,40
A102427,18-24,male,BE,40
A408674,25-34,male,BE,80
A259121,18-24,female,BE,120
A770093,18-24,male,BE,40
A365004,18-24,female,BE,40
A636337,18-24,male,BE,120
A808686,35-44,female,BE,40
A218446,18-24,male,BE,40
A134842,25-34,female,BE,80
A747201,45-54,female,BE,80
A392284,35-44,male,BE,120
A619884,25-34,female,BE,80
A897531,25-34,male,BE,200
A914908,45-54,male,BE,200
A881728,45-54,female,BE,200
A632643,25-34,female,BE,40
A221458,45-54,male,BE,80
A889351,25-34,male,BE,80
A775727,35-44,male,BE,60
A215695,25-34,female,BE,80
A851053,18-24,male,BE,120
A391920,45-54,male,BE,40
A497671,35-44,male,BE,40
A786584,25-34,male,BE,60
A698057,45-54,female,BE,200
A829720,18-24,female,BE,80
A639615,35-44,male,BE,60
A722315,18-24,female,BE,120
A913705,18-24,female,BE,120
A463547,35-44,male,BE,200
A407625,25-34,male,BE,60
A991686,25-34,female,BE,120
A903853,18-24,female,BE,200
A817444,25-34,female,BE,60
A368304,35-44,female,BE,200
A933289,45-54,female,BE,120
A750411,18-24,male,BE,40
A407103,35-44,female,BE,40
A216208,18-24,male,BE,120
A200817,18-24,male,BE,60
A927892,35-44,male,BE,120
A785748,45-54,male,BE,40
A894479,25-34,female,BE,40
A567861,25-34,male,BE,80
A546198,35-44,female,BE,40
A857134,45-54,male,BE,80
A523913,45-54,male,BE,120
A556319,25-34,male,BE,60
A782615,35-44,female,BE,80
A980161,18-24,male,BE,80
A166487,25-34,male,BE,80
A231382,25-34,male,BE,80
A880248,25-34,male,BE,80
A132447,18-24,male,BE,200
A341024,45-54,female,BE,40
A489222,18-24,female,BE,200
A468003,25-34,male,BE,60
A120065,35-44,female,BE,40
A479621,18-24,male,BE,200
A709308,45-54,female,BE,200
A771603,25-34,female,BE,60
A973319,25-34,female,BE,200
A788885,18-24,female,BE,60
A361902,25-34,female,BE,40
A749212,45-54,female,BE,60
A203226,18-24,female,BE,80
A383543,18-24,female,BE,80
A651068,18-24,female,BE,40
A485569,35-44,male,BE,120
A492843,35-44,male,BE,120
A334572,45-54,female,BE,40
A926071,25-34,female,BE,200
A582808,35-44,female,BE,80
A379497,45-54,male,BE,200
A631478,18-24,female,BE,200
A141488,45-54,female,BE,60
A424764,35-44,female,BE,200
A349183,45-54,male,BE,60
A259975,25-34,male,BE,120
A971347,18-24,male,BE,40
A230743,25-34,male,BE,80
A684008,18-24,male,BE,80
A745963,45-54,female,BE,200
A731210,25-34,female,BE,120
A685412,45-54,male,BE,80
A869240,45-54,female,BE,80
A190171,35-44,female,BE,200
A231608,18-24,male,BE,120
A115474,18-24,female,BE,80
A477387,25-34,female,BE,40
A537256,18-24,male,BE,60
A134982,35-44,male,BE,80
A921955,35-44,female,BE,40
A203051,25-34,male,BE,40
A887333,18-24,female,BE,120
A740493,35-44,male,BE,120
A250207,35-44,male,BE,40
A441225,35-44,male,BE,200
A369252,18-24,female,BE,60
A377560,25-34,male,BE,40
A104451,45-54,female,BE,60
A627370,25-34,male,BE,40
A435468,35-44,female,BE,40
A671284,18-24,male,BE,80
A785213,25-34,male,BE,200
A437910,18-24,female,BE,60
A911722,25-34,male,BE,80
A559917,25-34,female,BE,60
A142849,25-34,male,BE,40
A234826,18-24,female,BE,120
A626976,45-54,female,BE,80
A666345,18-24,female,BE,200
A232808,35-44,male,BE,120
A442623,35-44,female,BE,120
A507422,25-34,female,BE,40
A411880,35-44,male,BE,80
A827510,35-44,female,BE,80
A224377,35-44,male,BE,80
A537122,18-24,male,BE,60
A110760,18-24,female,BE,80
A846295,45-54,male,BE,40
A519577,45-54,female,BE,200
A628469,35-44,male,BE,120
A741522,25-34,male,BE,200
A990900,45-54,male,BE,120
A712024,18-24,female,BE,80
A858626,25-34,male,BE,80
A975762,25-34,male,BE,80
A372803,25-34,male,BE,120
A997785,45-54,male,BE,40
A714078,35-44,male,BE,120
A580240,18-24,male,BE,120
A750856,18-24,female,BE,200
A519458,25-34,female,BE,40
A466228,25-34,female,BE,80
A979029,18-24,female,BE,40
A590381,18-24,female,BE,120
A721592,25-34,female,BE,120
A518926,18-24,female,BE,120
A308611,25-34,male,BE,40
A298076,45-54,male,BE,40
A277875,35-44,female,BE,40
A995271,45-54,female,BE,80
A850187,25-34,female,BE,60
A311274,35-44,male,BE,60
A693383,25-34,female,BE,80
A244490,45-54,male,BE,200
A355029,35-44,female,BE,200
A565717,35-44,male,BE,120
A306760,18-24,female,BE,60
A437422,45-54,female,BE,80
A934133,18-24,male,BE,80
A951907,18-24,female,BE,80
A163648,35-44,male,BE,40
A296923,25-34,male,BE,60
A545019,25-34,male,BE,40
A391117,25-34,male,BE,60
A479031,25-34,male,BE,120
A786806,45-54,male,BE,80
A489542,25-34,female,BE,120
A376580,35-44,male,BE,40
A447112,45-54,female,BE,80
A504119,45-54,female,BE,200
A292931,45-54,female,BE,200
A321155,18-24,female,BE,200
A944428,35-44,female,BE,200
A646625,45-54,female,BE,120
A451915,35-44,male,BE,200
A868365,25-34,female,BE,120
A716945,45-54,male,BE,120
A673032,18-24,male,BE,120
A132951,25-34,male,BE,200
A948121,45-54,female,BE,40
A169841,35-44,male,BE,120
A966472,35-44,male,BE,80
A546220,35-44,male,BE,200
A536845,25-34,male,BE,80
A634380,45-54,male,BE,60
A407216,35-44,male,BE,60
A898860,45-54,female,BE,60
A936473,35-44,female,BE,60
A307064,25-34,male,BE,200
A537379,45-54,female,BE,80
A565533,25-34,male,BE,40
A510817,25-34,female,BE,80
A990471,18-24,male,BE,200
A518583,35-44,male,BE,200
A473617,45-54,male,BE,120
A537798,18-24,female,BE,40
A531556,25-34,female,BE,60
A499013,45-54,male,BE,200
A241699,25-34,female,BE,120
A284130,45-54,male,BE,40
A149399,25-34,male,BE,40
A752585,18-24,female,BE,40
A203779,35-44,female,BE,80
A750617,25-34,male,BE,40
A543135,45-54,female,BE,200
A554074,18-24,male,BE,60
A993523,18-24,female,BE,80
A158917,35-44,female,BE,40
A226717,18-24,female,BE,60
A580510,35-44,male,BE,60
A199756,35-44,male,BE,80
A625036,35-44,female,BE,60
A803186,35-44,male,BE,40
A392636,45-54,female,BE,80
A389931,25-34,male,BE,200
A862149,45-54,female,BE,60
A385702,18-24,female,BE,80
A235983,18-24,female,BE,200
A994161,35-44,female,BE,60
A349845,45-54,female,BE,80
A636487,45-54,female,BE,200
A155198,35-44,female,BE,60
A530691,35-44,male,BE,60
A584583,35-44,male,BE,200
A798961,45-54,male,BE,60
A984330,35-44,male,BE,120
A122199,45-54,female,BE,60
A135271,18-24,female,BE,120
A421021,18-24,female,BE,200
A738458,45-54,female,BE,80
A935344,18-24,female,BE,120
A439699,35-44,male,BE,80
A696685,18-24,female,BE,40
A179719,45-54,female,BE,80
A420380,18-24,female,BE,120
A221673,45-54,male,BE,120
A209623,25-34,male,BE,60
A903186,25-34,female,BE,40
A284748,25-34,male,BE,40
A891481,18-24,male,BE,60
A324125,35-44,male,BE,80
A682589,18-24,female,BE,40
A152071,45-54,female,BE,60
A114226,25-34,female,BE,200
A701983,35-44,male,BE,60
A684441,18-24,male,BE,40
A445765,45-54,female,BE,120
A394546,25-34,female,BE,200
A992290,25-34,female,BE,120
A289432,18-24,male,BE,40
A632176,35-44,male,BE,40
A707305,18-24,male,BE,60
A196797,35-44,female,BE,80
A609634,35-44,female,BE,80
A554841,35-44,female,BE,120
A909514,35-44,female,BE,40
A564771,35-44,male,BE,40
A600406,18-24,female,BE,60
A715348,18-24,male,BE,120
A294383,35-44,female,BE,200
A728523,25-34,male,BE,200
A243919,35-44,female,BE,120
A872105,45-54,male,BE,40
A290530,35-44,male,BE,120
A145434,18-24,female,BE,120
A814540,18-24,female,BE,60
A576482,35-44,male,BE,80
A507235,25-34,female,BE,80
A425396,45-54,female,BE,40
A538090,35-44,male,BE,200
A260110,35-44,male,BE,120
A381975,35-44,male,BE,200
A483909,18-24,male,BE,200
A487524,18-24,female,BE,40
A778097,45-54,male,BE,40
A386816,35-44,female,BE,80
A313168,18-24,male,BE,40
A113781,35-44,male,BE,120
A151667,25-34,female,BE,120
A232973,45-54,male,BE,40
A122423,45-54,male,BE,60
A966562,18-24,male,BE,40
A292779,25-34,female,BE,60
A978841,45-54,female,BE,60
A285426,45-54,male,BE,40
A765945,18-24,male,BE,80
A888205,45-54,male,BE,40
A733992,25-34,male,BE,60
A941674,25-34,male,BE,80
A619277,25-34,female,BE,60
A882633,35-44,male,BE,80
A826962,35-44,female,BE,80
A370240,18-24,male,BE,120
A987453,45-54,female,BE,80
A874464,25-34,female,BE,120
A945654,45-54,female,BE,200
A121665,45-54,male,BE,40
A123511,35-44,female,BE,200
A697512,18-24,female,BE,120
A602574,35-44,female,BE,40
A187563,18-24,male,BE,120
A667226,18-24,male,BE,60
A380590,45-54,female,BE,60
A458249,18-24,female,BE,120
A178609,18-24,female,BE,120
A813021,25-34,female,BE,120
A843318,45-54,male,BE,200
A940149,18-24,female,BE,60
A837019,25-34,female,BE,60
A334474,18-24,male,BE,60
A679154,25-34,female,BE,40
A248292,25-34,female,BE,200
A874546,35-44,male,BE,80
A484378,35-44,male,BE,80
A997177,35-44,female,BE,60
A959762,45-54,female,BE,80
A418396,25-34,female,BE,120
A103244,35-44,female,BE,120
A647656,35-44,female,BE,120
A409002,35-44,female,BE,40
A323886,35-44,male,BE,60
A808801,25-34,male,BE,60
A617477,45-54,male,BE,40
A102073,25-34,male,BE,40
A479527,35-44,male,BE,40
A159168,18-24,female,BE,80
A100740,35-44,male,BE,60
A479694,25-34,female,BE,80
A378588,25-34,female,BE,60
A794205,45-54,male,BE,60
A658285,25-34,female,BE,200
A350764,35-44,female,BE,200
A736123,45-54,male,BE,120
A441914,25-34,female,BE,120
A299587,18-24,female,BE,60
A510657,45-54,male,BE,80
A229009,35-44,male,BE,80
A781805,45-54,male,BE,120
A489239,25-34,female,BE,200
A782955,25-34,male,BE,200
A711029,25-34,male,BE,80
A861068,45-54,female,BE,120
A713453,45-54,male,BE,40
A715383,35-44,male,BE,40
A667477,25-34,female,BE,40
A494314,18-24,female,BE,60
A272423,18-24,male,BE,120
A620218,45-54,female,BE,60
A763169,25-34,female,BE,40
A380084,35-44,male,BE,120
A570987,18-24,female,BE,60
A296432,35-44,male,BE,80
A279444,35-44,female,BE,200
A629399,35-44,male,BE,60
A358347,45-54,female,BE,60
A712749,18-24,female,BE,120
A931560,45-54,female,BE,40
A822321,25-34,male,BE,200
A139505,45-54,male,BE,200
A641418,25-34,female,BE,60
A684969,18-24,male,BE,60
A595259,45-54,male,BE,40
A115460,25-34,male,BE,40
A898976,45-54,female,BE,40
A951157,35-44,male,BE,120
A377301,25-34,female,BE,60
A717757,18-24,male,BE,200
A291672,45-54,female,BE,40
A839531,18-24,female,BE,80
A176237,25-34,male,BE,80
A865251,25-34,female,BE,120
A302523,45-54,male,BE,40
A334805,35-44,male,BE,120
A559800,35-44,male,BE,40
A806005,18-24,male,BE,60
A196737,45-54,male,BE,80
A891938,45-54,male,BE,40
A551951,25-34,male,BE,80
A555337,18-24,female,BE,120
A896850,35-44,female,BE,80
A947853,18-24,male,BE,200
A565199,25-34,male,BE,40
A233348,45-54,female,BE,40
A358423,18-24,female,BE,200
A136054,18-24,male,BE,60
A667598,45-54,male,BE,80
A447036,45-54,female,BE,60
A350807,25-34,female,BE,80
A296751,35-44,male,BE,120
A432594,18-24,male,BE,80
A214453,35-44,female,BE,200
A353009,18-24,female,BE,120
A617965,35-44,female,BE,60
A557439,35-44,male,BE,60
A845143,45-54,female,BE,60
A125005,25-34,male,BE,120
A915049,25-34,male,BE,120
A848141,35-44,female,BE,200
A444275,35-44,female,BE,200
A141403,45-54,female,BE,200
A457929,25-34,female,BE,80
A174500,45-54,male,BE,80
A623491,25-34,female,BE,200
A341975,18-24,female,BE,200
A182148,25-34,female,BE,60
A480833,18-24,female,BE,200
A561963,25-34,female,BE,120
A642192,25-34,female,BE,60
A153067,18-24,female,BE,60
A122640,45-54,male,BE,60
A672373,25-34,female,BE,120
A601068,45-54,male,BE,40
A111433,25-34,male,BE,60
A180248,35-44,male,BE,40
A709622,35-44,female,BE,60
A626217,18-24,female,BE,80
A276366,45-54,male,BE,200
A950784,35-44,female,BE,200
A121872,35-44,male,BE,80
A385300,45-54,female,BE,80
A271113,25-34,male,BE,60
A880428,18-24,female,BE,200
A662645,18-24,female,BE,120
A266335,35-44,female,BE,120
A711862,25-34,female,BE,60
A709699,35-44,female,BE,200
A107088,45-54,female,BE,60
A104394,35-44,female,BE,60
A752361,45-54,male,BE,60
A157595,25-34,female,BE,40
A109984,35-44,female,BE,80
A809516,45-54,male,BE,60
A454932,45-54,female,BE,40
A846221,35-44,female,BE,60
A437262,45-54,male,BE,120
A373018,35-44,female,BE,80
A358824,35-44,female,BE,200
A952925,25-34,male,BE,80
A598858,45-54,male,BE,120
A198274,35-44,female,BE,60
A428944,18-24,male,BE,80
A311461,25-34,female,BE,200
A415065,35-44,female,BE,120
A779288,25-34,female,BE,200
A647734,45-54,male,BE,80
A546476,25-34,female,BE,120
A259492,45-54,female,BE,40
A635327,45-54,female,BE,80
A931203,25-34,male,BE,120
A150546,25-34,male,BE,60
A127516,18-24,female,BE,80
A873909,45-54,male,BE,80
A694070,25-34,male,BE,80
A860830,35-44,male,BE,40
A652611,35-44,male,BE,200
A273834,25-34,male,BE,120
A934704,45-54,male,BE,120
A540329,25-34,male,BE,40
A282002,25-34,female,BE,120
A862879,25-34,male,BE,120
A638454,45-54,male,BE,40
A709721,45-54,female,BE,60
A758400,18-24,female,BE,120
A132879,35-44,female,BE,200
A366638,45-54,male,BE,40
A816238,45-54,male,BE,80
A523688,18-24,male,BE,40
A840381,18-24,male,BE,120
A572052,18-24,male,BE,120
A405917,45-54,female,BE,200
A798105,25-34,female,BE,40
A137790,25-34,female,BE,80
A542792,18-24,female,BE,60
A396572,25-34,female,BE,80
A457409,45-54,male,BE,60
A350502,35-44,male,BE,40
A925290,25-34,male,BE,80
A812777,45-54,female,BE,200
A608142,45-54,male,BE,40
A173175,18-24,female,BE,120
A490664,45-54,female,BE,40
A724876,35-44,male,BE,120
A294281,18-24,male,BE,200
A531619,25-34,male,BE,120
A122827,25-34,male,BE,200
A797357,18-24,male,BE,200
A151801,45-54,male,BE,200
A318796,45-54,male,BE,80
A261958,18-24,female,BE,80
A212564,25-34,female,BE,80
A402490,35-44,male,BE,80
A415008,45-54,male,BE,80
A298405,45-54,male,BE,200
A149698,35-44,female,BE,60
A724934,35-44,female,BE,120
A487097,45-54,female,BE,200
A213425,18-24,female,BE,200
A945882,35-44,female,BE,40
A180505,18-24,male,BE,60
A435326,18-24,male,BE,40
A745506,18-24,male,BE,80
A991673,25-34,female,BE,60
A314334,25-34,male,BE,80
A824474,18-24,male,BE,40
A123066,18-24,female,BE,200
A248647,35-44,female,BE,120
A848056,45-54,male,BE,40
A372894,18-24,female,BE,40
A129020,45-54,female,BE,200
A151294,45-54,male,BE,120
A744277,35-44,female,BE,120
A942925,45-54,female,BE,120
A132912,35-44,male,BE,120
A227154,18-24,female,BE,40
A692831,18-24,male,BE,120
A417291,18-24,male,BE,120
A766448,18-24,male,BE,80
A224728,35-44,male,BE,200
A738151,35-44,male,BE,40
A866280,25-34,male,BE,120
A963612,35-44,female,BE,40
A217077,45-54,female,BE,200
A378271,45-54,male,BE,80
A657753,18-24,female,BE,40
A554667,18-24,male,BE,200
A492838,18-24,female,BE,200
A725775,25-34,male,BE,120
A383322,45-54,male,BE,60
A506831,45-54,female,BE,80
A519549,25-34,male,BE,200
A116641,35-44,female,BE,120
A576259,45-54,male,BE,60
A125896,45-54,male,BE,60
A932539,35-44,male,BE,60
A940802,18-24,male,BE,200
A988149,18-24,female,BE,60
A196007,35-44,female,BE,40
A717880,25-34,female,BE,80
A616907,25-34,female,BE,80
A320599,35-44,female,BE,200
A896363,25-34,male,BE,120
A442768,25-34,male,BE,80
A891853,35-44,male,BE,120
A842757,45-54,female,BE,120
A525531,25-34,female,BE,200
A813569,25-34,female,BE,200
A428925,45-54,female,BE,80
A908488,45-54,male,BE,120
A383303,25-34,male,BE,200
A855583,25-34,male,BE,200
A227989,45-54,male,BE,40
A173392,25-34,male,BE,60
A984972,18-24,female,BE,60
A999034,35-44,female,BE,60
A287303,35-44,male,BE,200
A754311,18-24,male,BE,120
A998666,35-44,male,BE,40
A534154,35-44,male,BE,80
A856182,25-34,female,BE,120
A282028,25-34,male,BE,40
A521755,35-44,female,BE,80
A168532,25-34,female,BE,200
A861922,45-54,male,BE,80
A987718,18-24,male,BE,40
A842434,25-34,female,BE,40
A237776,35-44,female,BE,120
A376431,25-34,male,BE,200
A368938,45-54,male,BE,120
A879645,45-54,female,BE,200
A855726,45-54,male,BE,200
A853413,45-54,male,BE,200
A991339,18-24,male,BE,40
A390501,45-54,male,BE,40
A721781,18-24,male,BE,200
A872618,18-24,male,BE,60
A137754,18-24,female,BE,60
A815696,35-44,female,BE,60
A604594,25-34,male,BE,60
A148571,25-34,male,BE,80
A673114,35-44,male,BE,80
A154994,35-44,female,BE,40
A266299,18-24,female,BE,120
A875239,25-34,male,BE,80
A281578,18-24,female,BE,120
A815529,35-44,male,BE,40
A203837,18-24,female,BE,40
A745925,35-44,female,BE,60
A544351,18-24,female,BE,40
A199641,25-34,female,BE,200
A388362,35-44,female,BE,80
A946873,45-54,female,BE,120
A814540,25-34,male,BE,80
A809906,45-54,female,BE,40
A589064,18-24,male,BE,80
A213103,35-44,male,BE,200
A619656,25-34,female,BE,200
A202781,35-44,male,BE,80
A369219,35-44,male,BE,60
A178131,35-44,male,BE,200
A444831,18-24,male,BE,60
A622085,25-34,female,BE,120
A694413,35-44,female,BE,60
A204163,35-44,female,BE,60
A585551,25-34,female,BE,120
A685245,25-34,female,BE,120
A871122,35-44,male,BE,60
A355679,25-34,female,BE,60
A451409,25-34,male,BE,40
A502993,45-54,female,BE,200
A202349,35-44,male,BE,60
A148304,45-54,male,BE,120
A825259,45-54,male,BE,200
A342394,18-24,male,BE,80
A953457,25-34,male,BE,60
A472764,45-54,male,BE,120
A322851,18-24,male,BE,60
A838064,35-44,female,BE,200
A881776,35-44,male,BE,200
A851148,45-54,male,BE,40
A392695,35-44,male,BE,120
A546010,25-34,male,BE,40
A224275,25-34,female,BE,60
A497956,25-34,female,BE,40
A846135,25-34,male,BE,60
A985420,18-24,female,BE,200
A747179,35-44,female,BE,80
A300953,45-54,female,BE,120
A646675,45-54,male,BE,80
A731980,45-54,male,BE,40
A699162,18-24,male,BE,200
A762745,35-44,male,BE,200
A254747,25-34,male,BE,40
A229283,25-34,female,BE,60
A114782,35-44,female,BE,200
A674408,35-44,female,BE,120
A370371,25-34,female,BE,120
A470812,45-54,female,BE,120
A575688,25-34,female,BE,200
A599934,25-34,female,BE,120
A398534,45-54,female,BE,200
A779340,45-54,female,BE,120
A501309,25-34,male,BE,200
A460341,35-44,male,BE,60
A141722,18-24,female,BE,80
A583798,25-34,male,BE,80
A173218,25-34,male,BE,120
A960412,45-54,female,BE,120
A765490,18-24,female,BE,80
A349441,18-24,male,BE,80
A162735,25-34,female,BE,80
A624703,35-44,female,BE,120
A773670,35-44,female,BE,60
A264163,25-34,female,BE,80
A242394,25-34,male,BE,200
A903417,45-54,female,BE,40
A515981,18-24,female,BE,80
A851985,45-54,female,BE,60
A931208,25-34,female,BE,80
A553769,25-34,male,BE,80
A168171,25-34,female,BE,40
A350385,25-34,male,BE,60
A733228,35-44,female,BE,60
A730647,25-34,female,BE,120
A501370,25-34,female,BE,200
A320105,25-34,female,BE,40
A286538,25-34,female,BE,60
A758106,45-54,female,BE,40
A570997,45-54,male,BE,200
A621149,18-24,female,BE,40
A347246,35-44,female,BE,200
A428696,18-24,female,BE,40
A510068,25-34,male,BE,200
A867502,18-24,male,BE,120
A496330,25-34,male,BE,120
A983909,35-44,female,BE,60
A994475,18-24,male,BE,200
A680472,35-44,female,BE,80
A140098,45-54,female,BE,120
A244649,45-54,male,BE,120
A901575,18-24,male,BE,80
A861533,25-34,male,BE,200
A237144,25-34,male,BE,120
A945639,18-24,female,BE,200
A212988,18-24,male,BE,200
A985274,18-24,female,BE,200
A322262,25-34,male,BE,40
A324308,18-24,male,BE,80
A700718,18-24,female,BE,60
A858279,35-44,female,BE,120
A593486,35-44,female,BE,40
A882679,35-44,female,BE,80
A254905,35-44,female,BE,60
A761639,18-24,male,BE,40
A589919,35-44,female,BE,40
A671132,25-34,male,BE,200
A926907,45-54,female,BE,40
A744874,35-44,female,BE,120
A841762,18-24,male,BE,200
A759869,45-54,male,BE,80
A575461,35-44,female,BE,200
A701232,35-44,male,BE,60
A441031,35-44,male,BE,120
A572696,25-34,female,BE,60
A895587,25-34,female,BE,120
A641230,25-34,male,BE,120
A369646,18-24,female,BE,60
A465163,45-54,female,BE,60
A469064,35-44,female,BE,80
A159288,18-24,male,BE,40
A932379,25-34,female,BE,80
A382196,25-34,female,BE,200
A114605,45-54,male,BE,120
A448429,45-54,female,BE,40
A871457,45-54,female,BE,120
A121335,18-24,female,BE,80
A483835,45-54,male,BE,80
A935651,45-54,male,BE,200
A115446,45-54,male,BE,40
A117022,45-54,male,BE,120
A689442,18-24,female,BE,120
A406718,35-44,male,BE,200
A481174,45-54,female,BE,40
A968575,35-44,male,BE,200
A664847,45-54,female,BE,80
A563899,45-54,male,BE,200
A987440,35-44,male,BE,60
A770619,35-44,female,BE,80
A692872,25-34,male,BE,60
A621344,45-54,female,BE,60
A824017,25-34,male,BE,120
A360483,25-34,female,BE,80
A946191,25-34,female,BE,60
A491801,18-24,male,BE,60
A357979,45-54,female,BE,80
A275469,25-34,male,BE,60
A963565,45-54,male,BE,120
A609414,18-24,male,BE,80
A452339,18-24,male,BE,60
A915367,45-54,female,BE,200
A560270,45-54,male,BE,60
A612405,25-34,female,BE,120
A704359,25-34,female,BE,120
A528254,45-54,male,BE,40
A832624,35-44,male,BE,60
A976352,45-54,female,BE,80
A173146,45-54,male,BE,60
A151471,18-24,male,BE,40
A934124,25-34,male,BE,60
A848277,45-54,female,BE,80
A402723,18-24,male,BE,40
A996923,25-34,female,BE,80
A933431,18-24,female,BE,80
A100765,35-44,female,BE,80
A282732,45-54,female,BE,120
A664960,35-44,female,BE,80
A119324,18-24,female,BE,60
A948847,25-34,female,BE,40
A273777,25-34,male,BE,60
A998953,45-54,male,BE,40
A511291,25-34,female,BE,200
A900361,45-54,female,BE,120
A840415,25-34,male,BE,60
A222887,45-54,female,BE,80
A302138,25-34,male,BE,60
A130137,25-34,male,BE,60
A465961,18-24,female,BE,60
A385393,35-44,female,BE,60
A230624,45-54,female,BE,80
A699668,18-24,male,BE,80
A753038,25-34,female,BE,40
A927965,45-54,male,BE,120
A359158,35-44,female,BE,80
A181067,35-44,male,BE,80
A727913,18-24,female,BE,40
A839825,18-24,female,BE,80
A544541,35-44,male,BE,60
A916993,25-34,female,BE,60
A178241,35-44,female,BE,40
A246488,25-34,female,BE,80
A773963,35-44,female,BE,80
A943530,18-24,male,BE,60
A402163,18-24,female,BE,60
A320551,25-34,female,BE,60
A533456,35-44,male,BE,40
A940570,25-34,female,BE,120
A248912,45-54,female,BE,80
A931900,25-34,male,BE,120
A664224,18-24,female,BE,200
A215236,25-34,male,BE,80
A812206,45-54,male,BE,120
A489409,35-44,male,BE,80
A244006,35-44,male,BE,40
A870731,25-34,male,BE,80
A285588,18-24,female,BE,60
A987730,18-24,male,BE,40
A830439,25-34,male,BE,60
A858783,45-54,female,BE,40
A555334,45-54,female,BE,80
A799626,45-54,female,BE,120
A936147,45-54,male,BE,60
A225825,25-34,male,BE,120
A953006,18-24,male,BE,120
A650511,45-54,male,BE,40
A845521,45-54,male,BE,40
A560450,18-24,female,BE,200
A598282,25-34,male,BE,80
A819952,25-34,female,BE,40
A327437,25-34,female,BE,200
A693384,25-34,female,BE,120
A442127,45-54,female,BE,40
A610130,25-34,male,BE,80
A741609,25-34,female,BE,120
A317419,18-24,male,BE,60
A679515,25-34,female,BE,40
A143079,18-24,female,BE,120
A389143,25-34,male,BE,120
A425370,18-24,male,BE,200
A418725,18-24,female,BE,60
A626181,45-54,female,BE,40
A535371,35-44,female,BE,60
A685159,25-34,male,BE,40
A436997,35-44,female,BE,40
A160506,35-44,male,BE,120
A775733,25-34,female,BE,200
A764135,35-44,female,BE,40
A648201,45-54,female,BE,120
A292058,35-44,female,BE,120
A913057,35-44,male,BE,120
A731856,25-34,male,BE,120
A125201,18-24,male,BE,200
A575217,35-44,female,BE,40
A430989,45-54,female,BE,60
A887175,45-54,male,BE,40
A112970,18-24,male,BE,60
A127818,35-44,male,BE,80
A341219,45-54,male,BE,40
A738102,45-54,female,BE,40
A490955,25-34,female,BE,200
A775041,18-24,female,BE,80
A117926,45-54,female,BE,40
A123806,45-54,female,BE,80
A861096,18-24,male,BE,200
A434769,45-54,male,BE,120
A500018,35-44,female,BE,40
A676058,18-24,male,BE,120
A867647,25-34,female,BE,40
A785097,45-54,male,BE,80
A999436,25-34,female,BE,60
A759943,45-54,male,BE,40
A406057,25-34,female,BE,200
A838525,25-34,female,BE,80
A796500,45-54,male,BE,40
A704323,45-54,male,BE,60
A947103,25-34,male,BE,200
A917529,35-44,female,BE,200
A764479,25-34,male,BE,40
A879288,18-24,male,BE,40
A733629,45-54,male,BE,200
A667789,45-54,male,BE,200
A822039,25-34,male,BE,40
A589382,45-54,female,BE,200
A428637,35-44,female,BE,120
A397265,35-44,female,BE,80
A801261,45-54,female,BE,200
A310032,25-34,female,BE,80
A146081,18-24,female,BE,80
A208113,25-34,male,BE,60
A517449,18-24,male,BE,40
A823525,45-54,female,BE,40
A108284,25-34,female,BE,120
A754379,25-34,female,BE,80
A643980,25-34,female,BE,80
A201590,25-34,female,BE,60
A362113,18-24,female,BE,200
A345122,25-34,male,BE,200
A598789,35-44,female,BE,60
A524149,25-34,male,BE,200
A331151,45-54,female,BE,80
A348566,45-54,female,BE,40
A189904,45-54,female,BE,80
A701830,25-34,female,BE,200
A535391,25-34,female,BE,80
A801859,25-34,female,BE,60
A736653,35-44,male,BE,40
A571157,18-24,male,BE,60
A921105,35-44,female,BE,60
A314329,25-34,female,BE,200
A985741,18-24,female,BE,40
A129814,45-54,male,BE,80
A349286,35-44,female,BE,60
A151660,25-34,female,BE,80
A376938,35-44,male,BE,80
A965500,18-24,female,BE,80
A817990,35-44,male,BE,120
A738937,18-24,male,BE,200
A372604,18-24,female,BE,80
A801685,45-54,female,BE,80
A270234,18-24,male,BE,60
A999576,45-54,male,BE,200
A487533,45-54,male,BE,120
A241421,35-44,male,BE,40
A310990,18-24,male,BE,200
A105810,25-34,female,BE,120
A548519,18-24,female,BE,40
A876543,35-44,male,BE,120
A980567,35-44,female,BE,80
A602637,35-44,male,BE,120
A410541,18-24,female,BE,80
A621300,45-54,male,BE,80
A784267,25-34,female,BE,120
A459382,18-24,male,BE,120
A929563,18-24,female,BE,40
A806843,18-24,female,BE,80
A977476,35-44,female,BE,80
A631778,25-34,male,BE,200
A318157,45-54,female,BE,80
A106221,35-44,female,BE,80
A444300,25-34,male,BE,60
A926807,25-34,male,BE,60
A695696,25-34,female,BE,40
A146364,45-54,female,BE,200
A105256,35-44,female,BE,200
A994205,25-34,male,BE,120
A590875,25-34,male,BE,120
A809800,45-54,female,BE,80
A738655,25-34,female,BE,80
A678337,25-34,male,BE,80
A959382,45-54,male,BE,200
A801848,25-34,male,BE,80
A201300,25-34,female,BE,40
A400935,18-24,female,BE,40
A920236,35-44,female,BE,40
A286028,35-44,male,BE,40
A492763,35-44,male,BE,60
A980926,35-44,male,BE,40
A796493,25-34,female,BE,60
A557341,18-24,female,BE,120
A790422,25-34,female,BE,40
A962442,45-54,female,BE,120
A613780,45-54,female,BE,80
A716949,25-34,male,BE,60
A646254,35-44,female,BE,200
A221533,35-44,female,BE,200
A339300,45-54,female,BE,60
A891984,18-24,female,BE,60
A123290,18-24,female,BE,60
A304615,18-24,female,BE,200
A953825,25-34,female,BE,40
A668481,18-24,female,BE,60
A125439,45-54,female,BE,40
A399012,18-24,male,BE,200
A422919,18-24,female,BE,60
A464383,18-24,female,BE,200
A508419,25-34,female,BE,60
A463990,18-24,male,BE,120
A993295,25-34,female,BE,120
A379830,45-54,male,BE,60
A440966,18-24,female,BE,200
A330680,18-24,female,BE,200
A846151,18-24,male,BE,40
A918225,25-34,male,BE,40
A702854,35-44,female,BE,120
A743813,35-44,male,BE,200
A944828,18-24,male,BE,120
A929182,18-24,female,BE,60
A762065,45-54,female,BE,60
A369099,18-24,female,BE,60
A559441,18-24,female,BE,60
A560143,25-34,male,BE,200
A188864,35-44,female,BE,40
A590303,45-54,male,BE,80
A794357,25-34,male,BE,80
A967945,35-44,male,BE,40
A605763,25-34,female,BE,60
A650120,25-34,male,BE,200
A293173,25-34,male,BE,40
A310082,25-34,male,BE,80
A445369,45-54,male,BE,120
A772415,35-44,male,BE,120
A520000,45-54,male,BE,120
A854722,45-54,male,BE,80
A855578,45-54,female,BE,120
A447109,18-24,female,BE,80
A343190,35-44,female,BE,60
A986513,25-34,male,BE,200
A969895,35-44,male,BE,120
A342524,35-44,male,BE,200
A143898,25-34,female,BE,40
A874554,45-54,male,BE,40
A690602,35-44,female,BE,120
A915085,25-34,female,BE,120
A638283,25-34,female,BE,120
A323091,18-24,male,BE,200
A280743,25-34,female,BE,120
A197704,25-34,female,BE,80
A490299,45-54,female,BE,120
A170952,35-44,male,BE,40
A198773,35-44,male,BE,80
A533923,35-44,female,BE,200
A130051,35-44,female,BE,80
A960990,35-44,male,BE,120
A432942,45-54,male,BE,60
A915794,35-44,male,BE,40
A223621,18-24,female,BE,40
A562454,25-34,male,BE,60
A395425,45-54,male,BE,40
A266469,25-34,male,BE,120
A101599,25-34,female,BE,80
A322100,45-54,male,BE,120
A463378,35-44,male,BE,80
A388950,18-24,female,BE,80
A989755,45-54,female,BE,120
A121601,25-34,female,BE,120
A397638,35-44,male,BE,60
A826812,35-44,female,BE,80
A360450,35-44,male,BE,40
A887592,35-44,female,BE,80
A877451,25-34,female,BE,120
A139695,18-24,male,BE,60
A979473,35-44,female,BE,120
A306529,45-54,female,BE,40
A161533,25-34,female,BE,60
A392467,18-24,male,BE,200
A282345,25-34,male,BE,40
A677553,45-54,male,BE,80
A723648,35-44,female,BE,40
A891795,25-34,male,BE,60
A186984,45-54,male,BE,40
A184662,45-54,male,BE,120
A267819,25-34,male,BE,200
A795212,35-44,male,BE,80
A236315,18-24,male,BE,200
A908697,25-34,male,BE,40
A452230,25-34,female,BE,120
A785558,18-24,female,BE,60
A422183,35-44,female,BE,200
A271956,25-34,female,BE,120
A280236,45-54,male,BE,40
A631056,25-34,female,BE,120
A730047,45-54,male,BE,60
A885638,35-44,male,BE,40
A633726,18-24,female,BE,120
A508243,35-44,male,BE,60
A564703,25-34,male,BE,200
A927534,35-44,female,BE,120
A460448,35-44,male,BE,60
A544969,18-24,male,BE,60
A366224,45-54,female,BE,80
A334580,45-54,male,BE,120
A778280,35-44,female,BE,60
A879442,25-34,female,BE,200
A832326,18-24,male,BE,120
A931782,35-44,female,BE,120
A343056,45-54,female,BE,80
A409057,45-54,male,BE,80
A190040,25-34,female,BE,60
A974171,25-34,female,BE,40
A959507,45-54,male,BE,200
A970622,25-34,male,BE,40
A834295,25-34,female,BE,200
A664139,35-44,female,BE,40
A215447,18-24,male,BE,60
A690328,35-44,female,BE,40
A990824,35-44,female,BE,40
A956244,25-34,male,BE,60
A934051,35-44,female,BE,40
A248864,25-34,male,BE,120
A149791,18-24,female,BE,80
A411069,18-24,male,BE,60
A102186,18-24,male,BE,200
A357819,25-34,male,BE,200
A325222,35-44,female,BE,60
A292306,18-24,male,BE,60
A933657,35-44,female,BE,40
A942935,18-24,female,BE,40
A897627,45-54,female,BE,80
A718677,45-54,male,BE,200
A807491,25-34,male,BE,200
A336832,25-34,female,BE,40
A226737,45-54,male,BE,40
A714863,35-44,female,BE,200
A219971,45-54,female,BE,200
A464924,25-34,female,BE,120
A452151,18-24,female,BE,60
A132780,18-24,female,BE,120
A306756,45-54,male,BE,40
A234270,35-44,male,BE,40
A634196,25-34,female,BE,200
A728967,45-54,female,BE,40
A873093,45-54,female,BE,40
A920332,35-44,male,BE,80
A151473,45-54,female,BE,60
A638221,45-54,male,BE,40
A849441,45-54,female,BE,200
A548118,35-44,female,BE,80
A269864,18-24,male,BE,80
A202612,45-54,male,BE,200
A835189,25-34,female,BE,120
A778744,25-34,male,BE,200
A847472,35-44,male,BE,120
A806044,18-24,female,BE,60
A926786,25-34,male,BE,80
A599979,35-44,male,BE,120
A994988,25-34,female,BE,120
A352926,45-54,male,BE,60
A904234,18-24,female,BE,120
A468610,25-34,male,BE,60
A175659,45-54,female,BE,40
A685818,25-34,female,BE,120
A372239,35-44,female,BE,200
A749050,25-34,female,BE,200
A802351,18-24,male,BE,120
A598046,25-34,female,BE,60
A954201,45-54,male,BE,40
A739734,35-44,male,BE,80
A529720,25-34,male,BE,200
A303240,35-44,female,BE,80
A368741,45-54,male,BE,60
A356842,25-34,male,BE,80
A981821,35-44,male,BE,120
A225618,18-24,male,BE,200
A359231,35-44,male,BE,60
A343745,45-54,male,BE,40
A358868,35-44,male,BE,200
A477081,45-54,male,BE,60
A872511,35-44,male,BE,200
A388612,25-34,female,BE,40
A949669,18-24,female,BE,120
A206336,35-44,female,BE,80
A576222,35-44,female,BE,120
A866451,18-24,female,BE,200
A428004,25-34,female,BE,40
A976987,45-54,female,BE,40
A212983,18-24,male,BE,120
A702540,45-54,female,BE,200
A262219,45-54,male,BE,60
A342707,25-34,male,BE,200
A351386,18-24,female,BE,120
A768689,18-24,female,BE,200
A815422,18-24,female,BE,60
A342053,25-34,female,BE,120
A662610,45-54,male,BE,40
A790797,45-54,female,BE,40
A199726,35-44,male,BE,60
A726299,35-44,female,BE,60
A304160,18-24,female,BE,200
A221237,25-34,male,BE,40
A730362,35-44,female,BE,60
A946845,45-54,male,BE,120
A429134,18-24,female,BE,60
A303648,25-34,female,BE,60
A345355,25-34,male,BE,40
A934099,45-54,male,BE,200
A427977,45-54,male,BE,120
A373240,35-44,male,BE,200
A885373,45-54,female,BE,60
A517286,18-24,male,BE,200
A391654,35-44,male,BE,60
A851803,45-54,female,BE,40
A935989,35-44,female,BE,200
A406564,35-44,female,BE,200
A942179,25-34,male,BE,120
A788160,18-24,female,BE,60
A882447,25-34,female,BE,40
A555674,18-24,female,BE,80
A589343,35-44,male,BE,200
A191606,35-44,male,BE,80
A593891,18-24,male,BE,60
A215612,18-24,female,BE,60
A100038,35-44,male,BE,120
A755088,45-54,female,BE,40
A370453,35-44,male,BE,60
A264512,18-24,male,BE,60
A866038,45-54,male,BE,40
A537943,35-44,male,BE,80
A928751,45-54,male,BE,200
A138345,18-24,male,BE,120
A641826,35-44,female,BE,200
A246209,45-54,male,BE,60
A576660,35-44,female,BE,40
A831084,18-24,female,BE,60
A511886,35-44,female,BE,60
A532190,25-34,male,BE,40
A585676,45-54,male,BE,80
A518895,45-54,male,BE,80
A502419,25-34,female,BE,80
A598655,25-34,male,BE,80
A782473,35-44,male,BE,60
A780003,18-24,female,BE,200
A297528,25-34,male,BE,120
A469662,45-54,male,BE,40
A964109,25-34,female,BE,60
A225366,25-34,female,BE,80
A277733,35-44,male,BE,200
A467608,25-34,female,BE,200
A662868,35-44,female,BE,80
A209298,35-44,male,BE,80
A672582,45-54,male,BE,40
A834759,18-24,male,BE,80
A596899,25-34,male,BE,120
A923978,25-34,male,BE,60
A931508,45-54,male,BE,120
A330335,25-34,female,BE,80
A962497,35-44,female,BE,60
A729968,25-34,female,BE,60
A736330,35-44,male,BE,60
A586178,45-54,female,BE,60
A234072,18-24,female,BE,80
A611918,18-24,female,BE,120
A326369,25-34,female,BE,40
A987579,45-54,female,BE,40
A485812,45-54,female,BE,200
A856877,18-24,male,BE,200
A698805,45-54,female,BE,200
A224496,18-24,female,BE,200
A115734,18-24,male,BE,60
A176302,18-24,female,BE,60
A929300,35-44,female,BE,120
A103584,25-34,male,BE,120
A146813,35-44,male,BE,120
A312454,25-34,male,BE,60
A793175,35-44,female,BE,60
A443504,25-34,female,BE,60
A866897,25-34,female,BE,120
A503827,35-44,male,BE,80
A387265,18-24,male,BE,40
A630641,25-34,male,BE,40
A683320,45-54,male,BE,200
A579136,18-24,female,BE,40
A822991,25-34,female,BE,120
A863721,35-44,female,BE,120
A972371,45-54,male,BE,200
A952572,25-34,male,BE,60
A736868,35-44,male,BE,80
A259855,25-34,female,BE,60
A654559,35-44,female,BE,120
A866870,25-34,male,BE,60
A525284,25-34,male,BE,200
A213276,45-54,male,BE,200
A104241,18-24,female,BE,120
A598988,45-54,female,BE,120
A733627,45-54,male,BE,40
A718694,25-34,male,BE,120
A573318,35-44,female,BE,60
A593088,35-44,female,BE,40
A660452,45-54,female,BE,60
A768636,35-44,male,BE,40
A441754,35-44,female,BE,200
A875053,18-24,male,BE,40
A347464,18-24,male,BE,120
A282094,18-24,female,BE,200
A474279,18-24,female,BE,200
A143313,25-34,male,BE,80
A202297,35-44,male,BE,60
A673858,45-54,female,BE,40
A565702,45-54,female,BE,120
A698598,45-54,female,BE,60
A906153,45-54,female,BE,200
A993576,35-44,male,BE,120
A199910,35-44,male,BE,200
A257712,45-54,female,BE,120
A761108,35-44,female,BE,120
A687131,18-24,male,BE,40
A134191,35-44,female,BE,40
A581746,25-34,male,BE,120
A195084,18-24,male,BE,120
A642018,25-34,female,BE,40
A677239,35-44,male,BE,60
A928126,18-24,female,BE,200
A183111,45-54,female,BE,200
A376582,45-54,female,BE,80
A466667,25-34,female,BE,200
A812004,45-54,male,BE,80
A121275,45-54,female,BE,120
A770887,18-24,male,BE,60
A781251,35-44,male,BE,40
A254936,18-24,female,BE,40
A108197,18-24,female,BE,60
A414262,45-54,female,BE,60
A726138,35-44,male,BE,120
A671016,35-44,female,BE,200
A886377,35-44,female,BE,60
A985646,25-34,male,BE,80
A919744,18-24,female,BE,80
A957019,45-54,female,BE,60
A577360,25-34,male,BE,60
A977298,18-24,female,BE,80
A543933,18-24,female,BE,60
A946160,25-34,female,BE,80
A211479,18-24,female,BE,80
A972824,35-44,male,BE,200
A238358,25-34,male,BE,120
A817179,18-24,male,BE,40
A118431,45-54,female,BE,60
A460649,35-44,male,BE,200
A196033,35-44,male,BE,120
A854418,25-34,male,BE,80
A563244,35-44,male,BE,80
A693976,18-24,male,BE,80
A978679,25-34,male,BE,120
A144863,25-34,female,BE,120
A507136,45-54,male,BE,60
A396870,45-54,female,BE,40
A426379,18-24,male,BE,80
A506482,25-34,male,BE,200
A412379,45-54,male,BE,40
A954392,25-34,male,BE,200
A603405,18-24,male,BE,80
A324134,45-54,male,BE,120
A165630,45-54,female,BE,80
A582110,25-34,male,BE,200
A705320,25-34,male,BE,80
A168088,35-44,female,BE,60
A624418,35-44,female,BE,60
A397320,35-44,male,BE,40
A577028,18-24,male,BE,60
A485873,35-44,female,BE,40
A898212,35-44,female,BE,80
A853332,25-34,female,BE,40
A325599,45-54,female,BE,120
A681013,25-34,female,BE,200
A925924,45-54,female,BE,120
A521403,35-44,female,BE,40
A730440,35-44,male,BE,200
A950731,35-44,male,BE,200
A727840,45-54,male,BE,120
A498237,45-54,female,BE,40
A522803,45-54,female,BE,80
A375034,35-44,male,BE,80
A688002,18-24,female,BE,60
A910405,35-44,male,BE,80
A969488,25-34,male,BE,200
A288908,25-34,female,BE,80
A799051,18-24,female,BE,80
A593691,25-34,female,BE,200
A335647,18-24,male,BE,60
A329616,18-24,male,BE,60
A905993,25-34,male,BE,60
A760977,35-44,female,BE,80
A774469,35-44,male,BE,200
A948945,35-44,male,BE,60
A737723,35-44,female,BE,80
A645044,18-24,female,BE,40
A183455,25-34,male,BE,60
A146932,25-34,female,BE,40
A932929,45-54,male,BE,200
A680785,25-34,female,BE,80
A103039,25-34,male,BE,200
A172489,25-34,male,BE,80
A718489,35-44,male,BE,60
A477370,45-54,female,BE,120
A489214,25-34,female,BE,200
A207731,45-54,male,BE,80
A102011,25-34,male,BE,200
A698029,45-54,female,BE,120
A656581,45-54,male,BE,60
A781081,45-54,male,BE,80
A101380,18-24,female,BE,120
A461388,45-54,male,BE,120
A590068,18-24,female,BE,200
A465241,45-54,male,BE,120
A226661,35-44,female,BE,120
A799401,35-44,female,BE,120
A414700,25-34,male,BE,120
A295350,45-54,female,BE,80
A593610,18-24,male,BE,60
A310998,35-44,female,BE,200
A185269,45-54,male,BE,40
A846762,25-34,male,BE,40
A637556,45-54,female,BE,80
A128525,45-54,male,BE,60
A746135,45-54,female,BE,80
A424509,18-24,male,BE,80
A431129,25-34,female,BE,60
A115423,35-44,male,BE,200
A497555,35-44,male,BE,120
A802831,25-34,female,BE,120
A575653,45-54,male,BE,40
A815481,45-54,female,BE,60
A783509,45-54,male,BE,120
A519937,25-34,female,BE,80
A874474,18-24,male,BE,40
A322976,45-54,female,BE,200
A247395,25-34,male,BE,120
A639146,18-24,male,BE,40
A575533,18-24,male,BE,60
A246665,35-44,male,BE,200
A309191,18-24,female,BE,40
A806327,45-54,female,BE,40
A153190,25-34,female,BE,200
A216387,18-24,female,BE,200
A441640,45-54,male,BE,40
A704995,25-34,male,BE,80
A117408,35-44,female,BE,60
A603672,45-54,male,BE,40
A968622,35-44,male,BE,80
A327564,25-34,male,BE,40
A467129,18-24,male,BE,40
A483230,25-34,male,BE,40
A326846,35-44,male,BE,200
A311898,18-24,male,BE,80
A568440,18-24,female,BE,200
A545791,45-54,male,BE,80
A210309,18-24,female,BE,120
A773218,18-24,male,BE,80
A725431,35-44,female,BE,200
A798175,18-24,male,BE,60
A885711,45-54,male,BE,60
A833112,25-34,female,BE,40
A266776,45-54,male,BE,80
A322516,45-54,male,BE,80
A830234,25-34,female,BE,120
A359365,35-44,male,BE,80
A271624,18-24,female,BE,200
A434461,18-24,male,BE,40
A151960,35-44,male,BE,80
A790465,25-34,male,BE,60
A579013,45-54,male,BE,60
A393241,18-24,male,BE,60
A874165,18-24,male,BE,120
A725874,18-24,female,BE,200
A226853,45-54,male,BE,40
A170613,18-24,female,BE,40
A331018,18-24,female,BE,200
A315468,25-34,male,BE,200
A299401,45-54,male,BE,120
A542537,35-44,female,BE,60
A767476,45-54,male,BE,80
A773548,18-24,male,BE,80
A445631,45-54,female,BE,80
A609656,35-44,male,BE,200
A635222,18-24,male,BE,120
A896678,35-44,female,BE,120
A869830,35-44,female,BE,60
A707355,25-34,female,BE,120
A737535,35-44,female,BE,200
A862863,35-44,male,BE,80
A713483,45-54,female,BE,200
A664277,18-24,female,BE,200
A520278,35-44,female,BE,200
A210421,25-34,female,BE,80
A257856,25-34,female,BE,40
A562660,45-54,female,BE,200
A415615,25-34,female,BE,200
A923296,45-54,female,BE,60
A111057,45-54,male,BE,40
A538760,25-34,male,BE,120
A867698,18-24,male,BE,40
A616400,45-54,male,BE,120
A853621,25-34,male,BE,40
A670966,35-44,female,BE,200
A500532,45-54,male,BE,120
A449195,35-44,female,BE,200
A108662,35-44,female,BE,60
A183057,25-34,male,BE,60
A701364,35-44,female,BE,120
A975096,25-34,female,BE,80
A159544,25-34,female,BE,200
A328206,18-24,female,BE,120
A770352,18-24,female,BE,80
A606702,45-54,male,BE,80
A701677,18-24,female,BE,60
A511398,18-24,female,BE,40
A720857,45-54,male,BE,40
A786901,35-44,male,BE,40
A440992,18-24,female,BE,40
A649475,18-24,female,BE,120
A647201,18-24,female,BE,60
A489986,45-54,female,BE,40
A483016,35-44,female,BE,120
A106627,35-44,female,BE,120
A507945,35-44,female,BE,120
A939624,25-34,female,BE,200
A515777,35-44,male,BE,80
A320338,45-54,male,BE,80
A206383,45-54,female,BE,80
A537708,45-54,male,BE,200
A761793,25-34,female,BE,200
A310625,18-24,female,BE,80
A106173,35-44,female,BE,80
A441004,45-54,male,BE,120
A706482,25-34,female,BE,80
A946258,25-34,male,BE,40
A901682,18-24,male,BE,200
A644263,45-54,female,BE,40
A964174,18-24,male,BE,40
A816085,18-24,male,BE,80
A271320,25-34,male,BE,80
A101581,35-44,male,BE,40
A817023,18-24,female,BE,120
A647188,35-44,male,BE,120
A774022,25-34,female,BE,60
A602250,25-34,male,BE,120
A589126,45-54,female,BE,60
A452926,45-54,male,BE,40
A852223,18-24,female,BE,120
A307346,45-54,male,BE,120
A677406,25-34,female,BE,60
A194074,18-24,female,BE,80
A524202,25-34,female,BE,200
A825686,45-54,male,BE,200
A112146,25-34,male,BE,200
A722166,35-44,female,BE,40
A337554,45-54,male,BE,80
A471493,25-34,male,BE,120
A522078,18-24,male,BE,40
A994872,25-34,male,BE,40
A205195,45-54,female,BE,120
A425466,18-24,female,BE,80
A252518,35-44,female,BE,200
A467439,18-24,male,BE,200
A472526,18-24,male,BE,60
A831028,18-24,female,BE,80
A232001,35-44,male,BE,120
A493857,25-34,male,BE,80
A747943,25-34,female,BE,120
A277977,35-44,female,BE,60
A870241,45-54,male,BE,200
A780316,18-24,male,BE,60
A803525,45-54,female,BE,40
A263211,25-34,male,BE,40
A791595,25-34,female,BE,40
A755610,45-54,male,BE,80
A551984,18-24,male,BE,60
A922692,45-54,female,BE,60
A947368,25-34,female,BE,80
A765014,18-24,male,BE,200
A922681,45-54,female,BE,60
A446362,18-24,male,BE,80
A205716,18-24,male,BE,200
A917403,18-24,male,BE,200
A293420,18-24,male,BE,200
A655164,18-24,male,BE,200
A572668,35-44,female,BE,40
A284165,18-24,female,BE,120
A527286,25-34,male,BE,120
A767312,18-24,male,BE,80
A217883,35-44,male,BE,200
A191060,25-34,female,BE,120
A608078,18-24,female,BE,200
A861800,18-24,male,BE,40
A480927,18-24,male,BE,200
A378715,25-34,female,BE,200
A462240,35-44,female,BE,40
A349708,18-24,female,BE,60
A980807,18-24,male,BE,60
A541258,18-24,male,BE,200
A965643,25-34,male,BE,60
A224411,18-24,male,BE,80
A644694,18-24,female,BE,60
A533907,35-44,female,BE,120
A594429,25-34,female,BE,120
A414612,45-54,male,BE,40
A481404,45-54,male,BE,40
A399840,35-44,male,BE,60
A690214,25-34,male,BE,200
A878494,18-24,female,BE,40
A453586,45-54,male,BE,60
A304613,25-34,male,BE,60
A899049,35-44,male,BE,60
A937308,25-34,male,BE,200
A473737,45-54,female,BE,80
A173112,35-44,male,BE,120
A770569,35-44,male,BE,60
A862835,35-44,male,BE,120
A668842,25-34,female,BE,60
A138570,25-34,female,BE,200
A612644,18-24,male,BE,80
A847648,25-34,female,BE,60
A765910,25-34,female,BE,60
A956469,35-44,male,BE,80
A537106,25-34,female,BE,40
A283083,45-54,female,BE,80
A772965,45-54,male,BE,200
A831963,25-34,female,BE,120
A970163,18-24,male,BE,60
A675095,18-24,male,BE,40
A324441,25-34,female,BE,200
A191951,25-34,female,BE,60
A455286,45-54,male,BE,200
A823053,25-34,male,BE,80
A691206,35-44,female,BE,60
A385380,18-24,female,BE,40
A988267,25-34,male,BE,40
A561502,25-34,male,BE,120
A775123,18-24,male,BE,80
A809182,18-24,female,BE,200
A162302,45-54,male,BE,80
A231037,18-24,female,BE,200
A847549,18-24,male,BE,200
A442026,25-34,male,BE,80
A511387,35-44,female,BE,200
A594926,35-44,female,BE,200
A106096,45-54,female,BE,80
A991227,45-54,female,BE,80
A704006,35-44,male,BE,120
A848096,45-54,female,BE,200
A245694,18-24,male,BE,200
A129734,35-44,male,BE,60
A457231,18-24,female,BE,120
A846651,45-54,male,BE,200
A444697,45-54,male,BE,40
A889240,45-54,female,BE,40
A244069,18-24,male,BE,200
A197618,18-24,female,BE,60
A171126,25-34,female,BE,40
A687762,25-34,female,BE,60
A144614,35-44,male,BE,200
A467244,35-44,female,BE,60
A881345,18-24,female,BE,80
A418806,25-34,female,BE,200
A947663,18-24,female,BE,120
A491132,18-24,female,BE,120
A414448,45-54,female,BE,200
A893121,18-24,female,BE,40
A866267,35-44,female,BE,60
A779872,25-34,male,BE,120
A213100,35-44,female,BE,60
A544869,25-34,female,BE,40
A430859,45-54,male,BE,200
A696486,25-34,female,BE,120
A215312,35-44,female,BE,120
A713022,18-24,female,BE,40
A641731,18-24,male,BE,40
A207958,18-24,male,BE,200
A307174,35-44,female,BE,40
A896487,45-54,male,BE,40
A845879,25-34,female,BE,200
A134512,45-54,female,BE,60
A486017,18-24,female,BE,200
A267814,35-44,female,BE,200
A282292,25-34,male,BE,120
A816893,35-44,female,BE,40
A262255,18-24,male,BE,80
A222524,25-34,female,BE,40
A707535,25-34,female,BE,40
A571854,45-54,female,BE,120
A515397,18-24,male,BE,200
A611560,35-44,female,BE,80
A874023,35-44,male,BE,80
A564620,18-24,female,BE,40
A294696,45-54,male,BE,60
A749871,35-44,male,BE,80
A139444,25-34,male,BE,120
A761023,45-54,male,BE,80
A713235,25-34,female,BE,200
A737379,35-44,male,BE,200
A185682,18-24,male,BE,60
A280895,25-34,male,BE,200
A206924,35-44,male,BE,60
A933593,45-54,female,BE,120
A679384,18-24,male,BE,80
A265330,35-44,female,BE,200
A995169,18-24,male,BE,60
A393665,25-34,female,BE,60
A503537,45-54,male,BE,80
A959719,25-34,male,BE,120
A279107,25-34,female,BE,40
A570206,25-34,male,BE,80
A537415,25-34,male,BE,40
A179205,25-34,female,BE,120
A128836,45-54,female,BE,40
A743820,18-24,female,BE,80
A320309,35-44,male,BE,200
A557079,35-44,female,BE,40
A752341,25-34,male,BE,120
A318771,45-54,male,BE,60
A178818,45-54,male,BE,120
A179346,45-54,male,BE,60
A797456,35-44,female,BE,120
A254519,18-24,female,BE,60
A333176,35-44,male,BE,120
A483141,35-44,male,BE,200
A912086,45-54,female,BE,80
A308613,45-54,female,BE,80
A397421,25-34,female,BE,120
A959599,45-54,male,BE,200
A501948,45-54,female,BE,80
A305697,35-44,male,BE,40
A513899,45-54,female,BE,60
A398371,45-54,female,BE,80
A911900,25-34,female,BE,40
A543390,18-24,male,BE,80
A956423,25-34,female,BE,80
A497612,25-34,female,BE,200
A142495,18-24,female,BE,120
A818729,18-24,male,BE,60
A983350,45-54,female,BE,120
A627615,25-34,female,BE,200
A150028,35-44,male,BE,120
A514622,18-24,male,BE,40
A244780,18-24,female,BE,80
A951267,18-24,female,BE,40
A160514,18-24,female,BE,40
A942570,18-24,male,BE,60
A115112,18-24,male,BE,60
A620713,45-54,female,BE,40
A455778,25-34,female,BE,120
A389556,45-54,male,BE,60
A699131,35-44,male,BE,80
A121608,18-24,male,BE,40
A751273,18-24,male,BE,200
A361056,35-44,female,BE,40
A699545,18-24,male,BE,80
A475560,35-44,male,BE,40
A726127,45-54,male,BE,80
A843907,18-24,male,BE,80
A689341,45-54,female,BE,120
A688488,25-34,male,BE,40
A834569,35-44,female,BE,200
A287371,18-24,female,BE,200
A672209,35-44,female,BE,60
A891308,45-54,female,BE,40
A807912,25-34,male,BE,200
A484733,35-44,male,BE,80
A725051,35-44,female,BE,200
A533536,45-54,female,BE,80
A665605,18-24,male,BE,40
A523194,45-54,male,BE,80
A515309,18-24,male,BE,60
A271735,45-54,male,BE,40
A762040,25-34,male,BE,60
A459373,35-44,male,BE,200
A267739,45-54,male,BE,200
A290000,25-34,male,BE,80
A734942,25-34,male,BE,60
A808444,25-34,male,BE,40
A230276,45-54,male,BE,40
A817959,25-34,male,BE,120
A542615,45-54,female,BE,200
A487112,45-54,female,BE,60
A362526,25-34,male,BE,60
A808784,25-34,male,BE,120
A382488,18-24,male,BE,80
A324976,45-54,male,BE,80
A159491,18-24,male,BE,200
A670920,35-44,male,BE,200
A681134,18-24,female,BE,40
A202208,25-34,male,BE,80
A731534,25-34,male,BE,60
A429849,35-44,male,BE,80
A634414,45-54,female,BE,40
A767354,25-34,female,BE,200
A146300,35-44,female,BE,200
A226133,35-44,male,BE,200
A478782,35-44,male,BE,40
A740794,25-34,male,BE,200
A409037,35-44,female,BE,80
A700457,45-54,male,BE,40
A615783,25-34,male,BE,200
A868897,45-54,female,BE,120
A300055,45-54,female,BE,120
A550133,45-54,female,BE,200
A852828,35-44,male,BE,200
A326548,25-34,male,BE,80
A928757,45-54,male,BE,120
A880128,25-34,female,BE,200
A134198,45-54,male,BE,80
A779573,35-44,female,BE,80
A195405,35-44,female,BE,120
A273464,18-24,male,BE,120
A515435,45-54,female,BE,80
A522193,45-54,female,BE,80
A975957,35-44,male,BE,120
A195204,18-24,female,BE,40
A137431,25-34,female,BE,40
A495162,45-54,female,BE,200
A275946,45-54,male,BE,80
A121109,35-44,female,BE,60
A276659,25-34,male,BE,60
A432073,18-24,female,BE,120
A405673,45-54,male,BE,60
A600360,35-44,male,BE,60
A536442,35-44,female,BE,40
A130410,35-44,male,BE,200
A821282,35-44,female,BE,60
A158976,35-44,female,BE,200
A902770,18-24,male,BE,80
A141972,45-54,female,BE,40
A273607,35-44,male,BE,200
A465643,35-44,male,BE,60
A374613,45-54,female,BE,40
A712273,25-34,female,BE,120
A282825,18-24,male,BE,120
A260059,35-44,male,BE,120
A973134,35-44,male,BE,40
A237621,18-24,male,BE,200
A608679,18-24,female,BE,60
A989704,25-34,female,BE,80
A995340,25-34,female,BE,120
A445486,35-44,male,BE,80
A679089,25-34,male,BE,40
A406792,45-54,male,BE,200
A276857,35-44,male,BE,40
A576638,25-34,male,BE,120
A275753,25-34,male,BE,40
A721999,45-54,female,BE,40
A794465,25-34,female,BE,40
A362338,45-54,male,BE,120
A853622,25-34,female,BE,120
A126632,35-44,female,BE,40
A289819,18-24,male,BE,120
A295937,35-44,female,BE,200
A433611,18-24,female,BE,40
A596952,25-34,male,BE,120
A170600,45-54,male,BE,40
A398171,18-24,male,BE,120
A234320,18-24,female,BE,120
A446092,45-54,female,BE,60
A970953,18-24,female,BE,120
A227084,45-54,female,BE,60
A966035,18-24,female,BE,120
A770520,25-34,male,BE,120
A792434,35-44,male,BE,80
A820592,45-54,male,BE,80
A283009,25-34,male,BE,200
A684599,35-44,female,BE,60
A499415,18-24,male,BE,40
A677439,45-54,female,BE,200
A148639,45-54,male,BE,60
A672227,18-24,male,BE,60
A208858,25-34,male,BE,80
A851707,25-34,female,BE,80
A626312,18-24,male,BE,200
A740291,45-54,male,BE,40
A698480,25-34,female,BE,200
A270698,35-44,male,BE,200
A501268,25-34,male,BE,60
A630203,18-24,male,BE,80
A570524,25-34,female,BE,200
A299085,18-24,female,BE,80
A441410,18-24,male,BE,120
A510629,25-34,female,BE,120
A355531,35-44,male,BE,40
A775775,18-24,female,BE,200
A930468,18-24,male,BE,200
A894817,25-34,male,BE,60
A608418,18-24,male,BE,120
A909094,25-34,female,BE,120
A777222,25-34,male,BE,40
A590007,45-54,male,BE,60
A506046,25-34,male,BE,80
A337352,25-34,male,BE,80
A917682,18-24,female,BE,60
A989228,25-34,male,BE,120
A112994,45-54,female,BE,120
A826358,25-34,male,BE,40
A880609,45-54,female,BE,40
A619655,35-44,male,BE,40
A844267,18-24,male,BE,60
A117085,45-54,male,BE,60
A461137,18-24,male,BE,80
A357003,18-24,male,BE,40
A325832,35-44,female,BE,200
A487059,35-44,male,BE,120
A357750,35-44,male,BE,60
A513863,35-44,female,BE,40
A351659,45-54,female,BE,120
A791518,18-24,female,BE,80
A983818,18-24,male,BE,60
A944170,18-24,female,BE,40
A676035,45-54,male,BE,200
A827468,25-34,female,BE,40
A461650,18-24,female,BE,40
A500557,25-34,male,BE,60
A172954,25-34,female,BE,40
A987040,25-34,male,BE,60
A983935,35-44,female,BE,120
A615769,18-24,male,BE,120
A708658,35-44,female,BE,60
A488826,25-34,female,BE,120
A871981,18-24,female,BE,40
A611680,25-34,female,BE,60
A135077,35-44,male,BE,80
A478316,45-54,female,BE,60
A458685,25-34,female,BE,80
A966293,45-54,male,BE,200
A849398,45-54,female,BE,60
A667362,18-24,male,BE,60
A393029,25-34,male,BE,60
A438037,18-24,female,BE,120
A603255,18-24,male,BE,120
A701054,35-44,male,BE,120
A778866,18-24,female,BE,80
A857476,35-44,male,BE,120
A307586,45-54,female,BE,60
A871196,25-34,male,BE,120
A665626,18-24,female,BE,120
A947786,18-24,male,BE,80
A841630,35-44,male,BE,80
A628547,45-54,male,BE,120
A182916,18-24,female,BE,40
A143555,45-54,male,BE,80
A194623,45-54,female,BE,80
A291068,45-54,female,BE,60
A501536,25-34,female,BE,40
A564219,35-44,male,BE,60
A349724,35-44,male,BE,40
A390306,45-54,female,BE,80
A122233,35-44,female,BE,200
A521192,25-34,male,BE,60
A839144,35-44,female,BE,60
A352271,25-34,female,BE,40
A195646,35-44,male,BE,60
A755343,18-24,male,BE,60
A759445,18-24,female,BE,200
A487366,18-24,male,BE,200
A191250,25-34,male,BE,60
A128694,35-44,male,BE,200
A661116,25-34,male,BE,60
A129949,18-24,male,BE,60
A849791,45-54,male,BE,200
A286909,25-34,male,BE,40
A370614,25-34,female,BE,120
A369117,25-34,female,BE,60
A143159,25-34,male,BE,40
A446174,35-44,female,BE,40
A140400,45-54,female,BE,120
A899858,18-24,female,BE,120
A576165,45-54,female,BE,60
A487666,18-24,male,BE,60
A680625,35-44,male,BE,80
A262657,45-54,male,BE,60
A593706,45-54,female,BE,80
A171640,25-34,female,BE,60
A890654,45-54,male,BE,80
A405980,45-54,female,BE,200
A722627,45-54,female,BE,80
A742144,18-24,male,BE,120
A154878,35-44,male,BE,80
A968988,18-24,female,BE,60
A874928,18-24,male,BE,200
A348232,45-54,male,BE,200
A420630,35-44,male,BE,40
A968304,45-54,female,BE,40
A224298,25-34,female,BE,60
A364432,45-54,female,BE,40
A982302,45-54,female,BE,200
A499084,18-24,female,BE,40
A802843,35-44,female,BE,40
A832346,25-34,male,BE,80
A339572,35-44,female,BE,200
A393560,35-44,male,BE,80
A417026,18-24,female,BE,40
A767220,25-34,male,BE,120
A241152,18-24,male,BE,80
A610443,25-34,male,BE,120
A464068,45-54,female,BE,200
A537455,35-44,male,BE,120
A823328,35-44,male,BE,200
A388219,18-24,female,BE,80
A587981,45-54,male,BE,80
A221465,35-44,female,BE,40
A982205,25-34,female,BE,60
A323305,45-54,female,BE,40
A485387,35-44,male,BE,40
A295656,35-44,female,BE,200
A853636,35-44,male,BE,40
A832131,25-34,male,BE,60
A402351,18-24,female,BE,120
A102997,45-54,male,BE,120
A440655,25-34,female,BE,40
A312995,18-24,male,BE,120
A282829,25-34,male,BE,60
A434930,35-44,female,BE,40
A220415,18-24,male,BE,60
A110796,18-24,male,BE,80
A717868,35-44,male,BE,200
A490211,45-54,male,BE,80
A319415,18-24,male,BE,40
A439841,18-24,female,BE,40
A827105,18-24,female,BE,200
A470925,35-44,female,BE,200
A557445,18-24,female,BE,60
A705425,35-44,female,BE,60
A293683,35-44,female,BE,200
A562400,18-24,female,BE,120
A205653,35-44,female,BE,40
A217414,25-34,male,BE,200
A517796,35-44,female,BE,40
A818674,25-34,male,BE,60
A622146,35-44,female,BE,80
A695387,18-24,female,BE,80
A849786,18-24,female,BE,60
A190226,25-34,female,BE,60
A860948,18-24,female,BE,80
A750290,35-44,female,BE,200
A535922,45-54,female,BE,80
A218902,25-34,female,BE,120
A637589,35-44,female,BE,120
A744697,35-44,male,BE,40
A870198,18-24,female,BE,120
A359434,18-24,female,BE,120
A712813,35-44,male,BE,60
A463555,35-44,female,BE,80
A432688,45-54,male,BE,40
A872487,18-24,male,BE,60
A763191,35-44,female,BE,60
A498252,18-24,female,BE,80
A200554,45-54,male,BE,60
A166617,45-54,female,BE,80
A252635,35-44,female,BE,40
A663837,35-44,female,BE,120
A836232,35-44,female,BE,60
A151386,25-34,male,BE,80
A452660,18-24,male,BE,200
A675077,35-44,male,BE,60
A661529,25-34,male,BE,80
A679444,45-54,female,BE,200
A421122,25-34,female,BE,120
A279466,18-24,female,BE,80
A445932,25-34,female,BE,40
A757295,18-24,female,BE,60
A113286,35-44,female,BE,120
A790469,35-44,male,BE,120
A528933,45-54,male,BE,60
A339632,25-34,female,BE,40
A647646,35-44,female,BE,200
A420296,25-34,male,BE,60
A226711,25-34,female,BE,200
A397447,45-54,female,BE,200
A796843,35-44,male,BE,120
A140020,35-44,female,BE,120
A203738,35-44,female,BE,120
A389831,35-44,male,BE,60
A972110,35-44,female,BE,200
A792014,45-54,female,BE,60
A266754,35-44,male,BE,40
A710236,35-44,male,BE,60
A886838,45-54,male,BE,80
A579496,18-24,female,BE,40
A813875,35-44,male,BE,80
A705907,18-24,female,BE,120
A316848,45-54,female,BE,120
A999103,25-34,female,BE,40
A563209,35-44,female,BE,40
A820767,35-44,male,BE,60
A681578,25-34,male,BE,60
A910456,18-24,male,BE,40
A685964,45-54,male,BE,60
A302893,18-24,male,BE,200
A134468,45-54,male,BE,80
A130957,18-24,female,BE,80
A924484,45-54,female,BE,200
A135638,25-34,female,BE,200
A393493,18-24,male,BE,120
A196016,35-44,female,BE,120
A640610,45-54,female,BE,120
A704044,35-44,male,BE,80
A747201,25-34,male,BE,40
A891227,45-54,female,BE,200
A627546,35-44,female,BE,80
A603608,45-54,female,BE,40
A729629,35-44,female,BE,200
A508055,18-24,female,BE,60
A613237,35-44,female,BE,200
A229999,45-54,male,BE,200
A138005,18-24,female,BE,80
A288643,45-54,male,BE,60
A355384,25-34,male,BE,40
A395292,45-54,male,BE,200
A618904,18-24,female,BE,80
A785275,45-54,female,BE,60
A344058,18-24,female,BE,40
A161864,18-24,male,BE,200
A373868,35-44,female,BE,200
A502048,25-34,male,BE,200
A925623,45-54,male,BE,200
A332110,45-54,male,BE,80
A329017,25-34,female,BE,200
A378035,45-54,male,BE,80
A805875,25-34,male,BE,120
A848828,45-54,female,BE,40
A429983,25-34,female,BE,40
A879622,45-54,male,BE,60
A235602,45-54,female,BE,200
A797428,18-24,male,BE,120
A442395,25-34,female,BE,200
A290375,45-54,male,BE,120
A963916,35-44,male,BE,60
A992315,18-24,male,BE,40
A784227,25-34,male,BE,80
A999628,45-54,male,BE,120
A677467,35-44,female,BE,40
A517374,25-34,female,BE,60
A245045,35-44,female,BE,40
A345121,35-44,female,BE,200
A463637,35-44,male,BE,40
A213978,18-24,female,BE,40
A462521,45-54,male,BE,200
A316378,45-54,female,BE,40
A364749,18-24,female,BE,40
A413191,18-24,male,BE,80
A607151,25-34,female,BE,40
A927998,18-24,female,BE,200
A428569,25-34,male,BE,200
A507863,35-44,female,BE,60
A468993,35-44,female,BE,120
A520660,18-24,female,BE,120
A738194,25-34,female,BE,80
A269308,45-54,female,BE,120
A725783,25-34,female,BE,120
A870123,25-34,female,BE,40
A922898,25-34,male,BE,120
A176436,45-54,male,BE,60
A557703,35-44,female,BE,40
A786078,45-54,female,BE,120
A358195,35-44,female,BE,80
A237485,35-44,male,BE,60
A510168,35-44,female,BE,80
A626425,18-24,female,BE,60
A984887,45-54,female,BE,40
A386454,45-54,male,BE,200
A158299,45-54,female,BE,200
A413389,45-54,male,BE,40
A570719,18-24,male,BE,120
A570578,25-34,male,BE,120
A935512,35-44,male,BE,40
A319099,18-24,male,BE,120
A876205,45-54,female,BE,200
A370142,18-24,female,BE,200
A908808,35-44,male,BE,80
A290681,18-24,male,BE,80
A462553,45-54,female,BE,40
A105510,18-24,male,BE,120
A606316,25-34,female,BE,200
A354942,45-54,female,BE,200
A352085,35-44,male,BE,60
A461950,25-34,female,BE,200
A752076,25-34,male,BE,80
A440044,45-54,male,BE,60
A308331,35-44,female,BE,200
A934016,18-24,male,BE,200
A425697,45-54,male,BE,80
A424770,18-24,female,BE,40
A157535,18-24,male,BE,120
A260340,45-54,female,BE,120
A564500,45-54,male,BE,200
A860749,25-34,male,BE,200
A532270,35-44,female,BE,200
A134182,45-54,female,BE,60
A776342,45-54,male,BE,120
A503422,45-54,female,BE,120
A905254,45-54,male,BE,120
A299070,18-24,male,BE,200
A595919,45-54,male,BE,200
A345137,45-54,male,BE,40
A824833,18-24,female,BE,200
A489187,25-34,female,BE,120
A130557,35-44,female,BE,80
A226014,45-54,male,BE,80
A341636,25-34,male,BE,40
A423984,45-54,male,BE,40
A183198,25-34,female,BE,80
A658727,45-54,female,BE,40
A597150,25-34,male,BE,120
A439772,18-24,female,BE,40
A242035,35-44,male,BE,80
A352485,25-34,male,BE,60
A661438,25-34,female,BE,200
A638686,35-44,female,BE,40
A303880,45-54,female,BE,40
A384243,45-54,male,BE,60
A261779,25-34,male,BE,40
A458180,35-44,female,BE,60
A376111,18-24,male,BE,80
A164314,25-34,male,BE,200
A201068,35-44,female,BE,200
A441846,45-54,female,BE,80
A249525,35-44,female,BE,80
A346558,45-54,male,BE,200
A269039,18-24,male,BE,40
A380454,35-44,female,BE,40
A148182,25-34,male,BE,120
A883467,35-44,female,BE,60
A871285,45-54,male,BE,40
A448645,35-44,male,BE,120
A245955,45-54,male,BE,120
A982137,25-34,male,BE,200
A303791,45-54,female,BE,60
A931766,45-54,male,BE,60
A660225,35-44,female,BE,80
A428521,45-54,male,BE,40
A969233,45-54,female,BE,80
A511020,25-34,female,BE,80
A977625,35-44,female,BE,120
A865211,18-24,male,BE,80
A387575,45-54,male,BE,60
A667831,45-54,female,BE,40
A638569,18-24,male,BE,60
A752447,25-34,male,BE,40
A182614,35-44,female,BE,60
A298779,18-24,female,BE,60
A268528,25-34,male,BE,200
A753723,35-44,female,BE,120
A405799,45-54,female,BE,120
A984915,45-54,male,BE,200
A142484,35-44,female,BE,200
A747539,35-44,female,BE,200
A479306,35-44,male,BE,40
A687409,25-34,male,BE,200
A347581,45-54,male,BE,120
A925546,25-34,female,BE,200
A845585,45-54,male,BE,120
A183245,18-24,male,BE,120
A952279,25-34,female,BE,60
A256618,45-54,male,BE,60
A168176,35-44,male,BE,60
A445293,35-44,male,BE,80
A136763,18-24,male,BE,80
A535038,35-44,male,BE,40
A746834,25-34,male,BE,120
A297710,35-44,female,BE,120
A976959,18-24,female,BE,200
A152459,25-34,male,BE,60
A713205,35-44,male,BE,80
A530414,45-54,female,BE,200
A455848,25-34,male,BE,40
A124117,35-44,male,BE,80
A878948,25-34,male,BE,200
A305167,25-34,female,BE,120
A786667,18-24,male,BE,40
A341577,18-24,female,BE,200
A235270,18-24,female,BE,120
A449808,18-24,female,BE,40
A576297,45-54,male,BE,60
A938071,18-24,male,BE,200
A895094,25-34,female,BE,40
A884487,18-24,female,BE,200
A531020,45-54,male,BE,80
A884434,35-44,female,BE,60
A637336,25-34,male,BE,40
A399264,18-24,male,BE,120
A429421,45-54,female,BE,80
A966723,45-54,female,BE,40
A613935,35-44,female,BE,60
A649085,25-34,male,BE,120
A522634,35-44,male,BE,60
A133646,35-44,female,BE,80
A254129,18-24,male,BE,60
A102565,45-54,male,BE,40
A817871,18-24,male,BE,60
A113681,18-24,male,BE,80
A724999,45-54,male,BE,80
A891957,45-54,male,BE,60
A266163,45-54,male,BE,60
A763849,18-24,female,BE,60
A296376,18-24,female,BE,120
A288453,18-24,male,BE,80
A325208,25-34,female,BE,200
A347394,35-44,male,BE,60
A576881,18-24,female,BE,60
A993037,25-34,male,BE,80
A704682,45-54,male,BE,80
A682903,18-24,male,BE,120
A325081,45-54,female,BE,60
A421168,45-54,male,BE,40
A211442,25-34,male,BE,200
A292657,25-34,female,BE,200
A545381,45-54,male,BE,200
A756460,25-34,male,BE,40
A863174,45-54,female,BE,40
A686127,45-54,male,BE,200
A797472,45-54,female,BE,80
A463731,35-44,male,BE,200
A301433,35-44,female,BE,60
A557135,25-34,female,BE,120
A557105,45-54,female,BE,120
A308127,45-54,female,BE,60
A170163,25-34,female,BE,120
A621648,35-44,male,BE,120
A672411,35-44,male,BE,40
A911901,35-44,female,BE,80
A897882,25-34,male,BE,120
A844570,18-24,male,BE,60
A103531,18-24,female,BE,120
A815682,45-54,female,BE,40
A684182,35-44,male,BE,80
A224073,45-54,female,BE,200
A718735,35-44,female,BE,40
A101619,35-44,male,BE,40
A479087,45-54,female,BE,60
A698488,18-24,male,BE,200
A534329,18-24,female,BE,120
A603024,18-24,male,BE,60
A126353,45-54,male,BE,200
A777776,25-34,female,BE,120
A456228,18-24,female,BE,200
A284601,35-44,female,BE,60
A966720,45-54,male,BE,80
A155787,35-44,female,BE,40
A968969,45-54,female,BE,60
A151613,45-54,male,BE,200
A442163,25-34,female,BE,60
A348216,35-44,male,BE,60
A953684,35-44,female,BE,120
A132427,45-54,female,BE,40
A674480,45-54,male,BE,40
A558923,45-54,male,BE,80
A704817,25-34,female,BE,60
A454275,18-24,male,BE,60
A660999,25-34,female,BE,80
A283523,45-54,female,BE,80
A949292,18-24,female,BE,120
A408154,45-54,female,BE,40
A189877,35-44,female,BE,60
A416803,35-44,male,BE,60
A247715,25-34,female,BE,40
A804275,18-24,female,BE,120
A848802,45-54,male,BE,120
A984096,18-24,male,BE,120
A676793,18-24,female,BE,80
A687514,45-54,female,BE,40
A613877,25-34,male,BE,40
A278596,35-44,male,BE,40
A182636,18-24,male,BE,120
A642554,35-44,female,BE,200
A424920,45-54,female,BE,80
A466877,25-34,female,BE,80
A128221,18-24,female,BE,120
A364374,35-44,male,BE,200
A550122,35-44,male,BE,120
A737654,18-24,male,BE,80
A301186,35-44,female,BE,80
A186077,45-54,male,BE,120
A515542,45-54,male,BE,60
A151502,35-44,female,BE,120
