,product_idx
B1000000,0
B1000001,1
B1000002,2
B1000003,3
B1000004,4
B1000005,5
B1000006,6
B1000007,7
B1000008,8
B1000009,9
B1000010,10
B1000011,11
B1000012,12
B1000013,13
B1000014,14
B1000015,15
B1000016,16
B1000017,17
B1000018,18
B1000019,19
B1000020,20
B1000021,21
B1000022,22
B1000023,23
B1000024,24
B1000025,25
B1000026,26
B1000027,27
B1000028,28
B1000029,29
B1000030,30
B1000031,31
B1000032,32
B1000033,33
B1000034,34
B1000035,35
B1000036,36
B1000037,37
B1000038,38
B1000039,39
B1000040,40
B1000041,41
B1000042,42
B1000043,43
B1000044,44
B1000045,45
B1000046,46
B1000047,47
B1000048,48
B1000049,49
B1000050,50
B1000051,51
B1000052,52
B1000053,53
B1000054,54
B1000055,55
B1000056,56
B1000057,57
B1000058,58
B1000059,59
B1000060,60
B1000061,61
B1000062,62
B1000063,63
B1000064,64
B1000065,65
B1000066,66
B1000067,67
B1000068,68
B1000069,69
B1000070,70
B1000071,71
B1000072,72
B1000073,73
B1000074,74
B1000075,75
B1000076,76
B1000077,77
B1000078,78
B1000079,79
B1000080,80
B1000081,81
B1000082,82
B1000083,83
B1000084,84
B1000085,85
B1000086,86
B1000087,87
B1000088,88
B1000089,89
B1000090,90
B1000091,91
B1000092,92
B1000093,93
B1000094,94
B1000095,95
B1000096,96
B1000097,97
B1000098,98
B1000099,99
B1000100,100
B1000101,101
B1000102,102
B1000103,103
B1000104,104
B1000105,105
B1000106,106
B1000107,107
B1000108,108
B1000109,109
B1000110,110
B1000111,111
B1000112,112
B1000113,113
B1000114,114
B1000115,115
B1000116,116
B1000117,117
B1000118,118
B1000119,119
B1000120,120
B1000121,121
B1000122,122
B1000123,123
B1000124,124
B1000125,125
B1000126,126
B1000127,127
B1000128,128
B1000129,129
B1000130,130
B1000131,131
B1000132,132
B1000133,133
B1000134,134
B1000135,135
B1000136,136
B1000137,137
B1000138,138
B1000139,139
B1000140,140
B1000141,141
B1000142,142
B1000143,143
B1000144,144
B1000145,145
B1000146,146
B1000147,147
B1000148,148
B1000149,149
B1000150,150
B1000151,151
B1000152,152
B1000153,153
B1000154,154
B1000155,155
B1000156,156
B1000157,157
B1000158,158
B1000159,159
B1000160,160
B1000161,161
B1000162,162
B1000163,163
B1000164,164
B1000165,165
B1000166,166
B1000167,167
B1000168,168
B1000169,169
B1000170,170
B1000171,171
B1000172,172
B1000173,173
B1000174,174
B1000175,175
B1000176,176
B1000177,177
B1000178,178
B1000179,179
B1000180,180
B1000181,181
B1000182,182
B1000183,183
B1000184,184
B1000185,185
B1000186,186
B1000187,187
B1000188,188
B1000189,189
B1000190,190
B1000191,191
B1000192,192
B1000193,193
B1000194,194
B1000195,195
B1000196,196
B1000197,197
B1000198,198
B1000199,199
B1000200,200
B1000201,201
B1000202,202
B1000203,203
B1000204,204
B1000205,205
B1000206,206
B1000207,207
B1000208,208
B1000209,209
B1000210,210
B1000211,211
B1000212,212
B1000213,213
B1000214,214
B1000215,215
B1000216,216
B1000217,217
B1000218,218
B1000219,219
B1000220,220
B1000221,221
B1000222,222
B1000223,223
B1000224,224
B1000225,225
B1000226,226
B1000227,227
B1000228,228
B1000229,229
B1000230,230
B1000231,231
B1000232,232
B1000233,233
B1000234,234
B1000235,235
B1000236,236
B1000237,237
B1000238,238
B1000239,239
B1000240,240
B1000241,241
B1000242,242
B1000243,243
B1000244,244
B1000245,245
B1000246,246
B1000247,247
B1000248,248
B1000249,249
B1000250,250
B1000251,251
B1000252,252
B1000253,253
B1000254,254
B1000255,255
B1000256,256
B1000257,257
B1000258,258
B1000259,259
B1000260,260
B1000261,261
B1000262,262
B1000263,263
B1000264,264
B1000265,265
B1000266,266
B1000267,267
B1000268,268
B1000269,269
B1000270,270
B1000271,271
B1000272,272
B1000273,273
B1000274,274
B1000275,275
B1000276,276
B1000277,277
B1000278,278
B1000279,279
B1000280,280
B1000281,281
B1000282,282
B1000283,283
B1000284,284
B1000285,285
B1000286,286
B1000287,287
B1000288,288
B1000289,289
B1000290,290
B1000291,291
B1000292,292
B1000293,293
B1000294,294
B1000295,295
B1000296,296
B1000297,297
B1000298,298
B1000299,299
B1000300,300
B1000301,301
B1000302,302
B1000303,303
B1000304,304
B1000305,305
B1000306,306
B1000307,307
B1000308,308
B1000309,309
B1000310,310
B1000311,311
B1000312,312
B1000313,313
B1000314,314
B1000315,315
B1000316,316
B1000317,317
B1000318,318
B1000319,319
B1000320,320
B1000321,321
B1000322,322
B1000323,323
B1000324,324
B1000325,325
B1000326,326
B1000327,327
B1000328,328
B1000329,329
B1000330,330
B1000331,331
B1000332,332
B1000333,333
B1000334,334
B1000335,335
B1000336,336
B1000337,337
B1000338,338
B1000339,339
B1000340,340
B1000341,341
B1000342,342
B1000343,343
B1000344,344
B1000345,345
B1000346,346
B1000347,347
B1000348,348
B1000349,349
B1000350,350
B1000351,351
B1000352,352
B1000353,353
B1000354,354
B1000355,355
B1000356,356
B1000357,357
B1000358,358
B1000359,359
B1000360,360
B1000361,361
B1000362,362
B1000363,363
B1000364,364
B1000365,365
B1000366,366
B1000367,367
B1000368,368
B1000369,369
B1000370,370
B1000371,371
B1000372,372
B1000373,373
B1000374,374
B1000375,375
B1000376,376
B1000377,377
B1000378,378
B1000379,379
B1000380,380
B1000381,381
B1000382,382
B1000383,383
B1000384,384
B1000385,385
B1000386,386
B1000387,387
B1000388,388
B1000389,389
B1000390,390
B1000391,391
B1000392,392
B1000393,393
B1000394,394
B1000395,395
B1000396,396
B1000397,397
B1000398,398
B1000399,399
B1000400,400
B1000401,401
B1000402,402
B1000403,403
B1000404,404
B1000405,405
B1000406,406
B1000407,407
B1000408,408
B1000409,409
B1000410,410
B1000411,411
B1000412,412
B1000413,413
B1000414,414
B1000415,415
B1000416,416
B1000417,417
B1000418,418
B1000419,419
B1000420,420
B1000421,421
B1000422,422
B1000423,423
B1000424,424
B1000425,425
B1000426,426
B1000427,427
B1000428,428
B1000429,429
B1000430,430
B1000431,431
B1000432,432
B1000433,433
B1000434,434
B1000435,435
B1000436,436
B1000437,437
B1000438,438
B1000439,439
B1000440,440
B1000441,441
B1000442,442
B1000443,443
B1000444,444
B1000445,445
B1000446,446
B1000447,447
B1000448,448
B1000449,449
B1000450,450
B1000451,451
B1000452,452
B1000453,453
B1000454,454
B1000455,455
B1000456,456
B1000457,457
B1000458,458
B1000459,459
B1000460,460
B1000461,461
B1000462,462
B1000463,463
B1000464,464
B1000465,465
B1000466,466
B1000467,467
B1000468,468
B1000469,469
B1000470,470
B1000471,471
B1000472,472
B1000473,473
B1000474,474
B1000475,475
B1000476,476
B1000477,477
B1000478,478
B1000479,479
B1000480,480
B1000481,481
B1000482,482
B1000483,483
B1000484,484
B1000485,485
B1000486,486
B1000487,487
B1000488,488
B1000489,489
B1000490,490
B1000491,491
B1000492,492
B1000493,493
B1000494,494
B1000495,495
B1000496,496
B1000497,497
B1000498,498
B1000499,499
B1000500,500
B1000501,501
B1000502,502
B1000503,503
B1000504,504
B1000505,505
B1000506,506
B1000507,507
B1000508,508
B1000509,509
B1000510,510
B1000511,511
B1000512,512
B1000513,513
B1000514,514
B1000515,515
B1000516,516
B1000517,517
B1000518,518
B1000519,519
B1000520,520
B1000521,521
B1000522,522
B1000523,523
B1000524,524
B1000525,525
B1000526,526
B1000527,527
B1000528,528
B1000529,529
B1000530,530
B1000531,531
B1000532,532
B1000533,533
B1000534,534
B1000535,535
B1000536,536
B1000537,537
B1000538,538
B1000539,539
B1000540,540
B1000541,541
B1000542,542
B1000543,543
B1000544,544
B1000545,545
B1000546,546
B1000547,547
B1000548,548
B1000549,549
B1000550,550
B1000551,551
B1000552,552
B1000553,553
B1000554,554
B1000555,555
B1000556,556
B1000557,557
B1000558,558
B1000559,559
B1000560,560
B1000561,561
B1000562,562
B1000563,563
B1000564,564
B1000565,565
B1000566,566
B1000567,567
B1000568,568
B1000569,569
B1000570,570
B1000571,571
B1000572,572
B1000573,573
B1000574,574
B1000575,575
B1000576,576
B1000577,577
B1000578,578
B1000579,579
B1000580,580
B1000581,581
B1000582,582
B1000583,583
B1000584,584
B1000585,585
B1000586,586
B1000587,587
B1000588,588
B1000589,589
B1000590,590
B1000591,591
B1000592,592
B1000593,593
B1000594,594
B1000595,595
B1000596,596
B1000597,597
B1000598,598
B1000599,599
B1000600,600
B1000601,601
B1000602,602
B1000603,603
B1000604,604
B1000605,605
B1000606,606
B1000607,607
B1000608,608
B1000609,609
B1000610,610
B1000611,611
B1000612,612
B1000613,613
B1000614,614
B1000615,615
B1000616,616
B1000617,617
B1000618,618
B1000619,619
B1000620,620
B1000621,621
B1000622,622
B1000623,623
B1000624,624
B1000625,625
B1000626,626
B1000627,627
B1000628,628
B1000629,629
B1000630,630
B1000631,631
B1000632,632
B1000633,633
B1000634,634
B1000635,635
B1000636,636
B1000637,637
B1000638,638
B1000639,639
B1000640,640
B1000641,641
B1000642,642
B1000643,643
B1000644,644
B1000645,645
B1000646,646
B1000647,647
B1000648,648
B1000649,649
B1000650,650
B1000651,651
B1000652,652
B1000653,653
B1000654,654
B1000655,655
B1000656,656
B1000657,657
B1000658,658
B1000659,659
B1000660,660
B1000661,661
B1000662,662
B1000663,663
B1000664,664
B1000665,665
B1000666,666
B1000667,667
B1000668,668
B1000669,669
B1000670,670
B1000671,671
B1000672,672
B1000673,673
B1000674,674
B1000675,675
B1000676,676
B1000677,677
B1000678,678
B1000679,679
B1000680,680
B1000681,681
B1000682,682
B1000683,683
B1000684,684
B1000685,685
B1000686,686
B1000687,687
B1000688,688
B1000689,689
B1000690,690
B1000691,691
B1000692,692
B1000693,693
B1000694,694
B1000695,695
B1000696,696
B1000697,697
B1000698,698
B1000699,699
B1000700,700
B1000701,701
B1000702,702
B1000703,703
B1000704,704
B1000705,705
B1000706,706
B1000707,707
B1000708,708
B1000709,709
B1000710,710
B1000711,711
B1000712,712
B1000713,713
B1000714,714
B1000715,715
B1000716,716
B1000717,717
B1000718,718
B1000719,719
B1000720,720
B1000721,721
B1000722,722
B1000723,723
B1000724,724
B1000725,725
B1000726,726
B1000727,727
B1000728,728
B1000729,729
B1000730,730
B1000731,731
B1000732,732
B1000733,733
B1000734,734
B1000735,735
B1000736,736
B1000737,737
B1000738,738
B1000739,739
B1000740,740
B1000741,741
B1000742,742
B1000743,743
B1000744,744
B1000745,745
B1000746,746
B1000747,747
B1000748,748
B1000749,749
B1000750,750
B1000751,751
B1000752,752
B1000753,753
B1000754,754
B1000755,755
B1000756,756
B1000757,757
B1000758,758
B1000759,759
B1000760,760
B1000761,761
B1000762,762
B1000763,763
B1000764,764
B1000765,765
B1000766,766
B1000767,767
B1000768,768
B1000769,769
B1000770,770
B1000771,771
B1000772,772
B1000773,773
B1000774,774
B1000775,775
B1000776,776
B1000777,777
B1000778,778
B1000779,779
B1000780,780
B1000781,781
B1000782,782
B1000783,783
B1000784,784
B1000785,785
B1000786,786
B1000787,787
B1000788,788
B1000789,789
B1000790,790
B1000791,791
B1000792,792
B1000793,793
B1000794,794
B1000795,795
B1000796,796
B1000797,797
B1000798,798
B1000799,799
B1000800,800
B1000801,801
B1000802,802
B1000803,803
B1000804,804
B1000805,805
B1000806,806
B1000807,807
B1000808,808
B1000809,809
B1000810,810
B1000811,811
B1000812,812
B1000813,813
B1000814,814
B1000815,815
B1000816,816
B1000817,817
B1000818,818
B1000819,819
B1000820,820
B1000821,821
B1000822,822
B1000823,823
B1000824,824
B1000825,825
B1000826,826
B1000827,827
B1000828,828
B1000829,829
B1000830,830
B1000831,831
B1000832,832
B1000833,833
B1000834,834
B1000835,835
B1000836,836
B1000837,837
B1000838,838
B1000839,839
B1000840,840
B1000841,841
B1000842,842
B1000843,843
B1000844,844
B1000845,845
B1000846,846
B1000847,847
B1000848,848
B1000849,849
B1000850,850
B1000851,851
B1000852,852
B1000853,853
B1000854,854
B1000855,855
B1000856,856
B1000857,857
B1000858,858
B1000859,859
B1000860,860
B1000861,861
B1000862,862
B1000863,863
B1000864,864
B1000865,865
B1000866,866
B1000867,867
B1000868,868
B1000869,869
B1000870,870
B1000871,871
B1000872,872
B1000873,873
B1000874,874
B1000875,875
B1000876,876
B1000877,877
B1000878,878
B1000879,879
B1000880,880
B1000881,881
B1000882,882
B1000883,883
B1000884,884
B1000885,885
B1000886,886
B1000887,887
B1000888,888
B1000889,889
B1000890,890
B1000891,891
B1000892,892
B1000893,893
B1000894,894
B1000895,895
B1000896,896
B1000897,897
B1000898,898
B1000899,899
B1000900,900
B1000901,901
B1000902,902
B1000903,903
B1000904,904
B1000905,905
B1000906,906
B1000907,907
B1000908,908
B1000909,909
B1000910,910
B1000911,911
B1000912,912
B1000913,913
B1000914,914
B1000915,915
B1000916,916
B1000917,917
B1000918,918
B1000919,919
B1000920,920
B1000921,921
B1000922,922
B1000923,923
B1000924,924
B1000925,925
B1000926,926
B1000927,927
B1000928,928
B1000929,929
B1000930,930
B1000931,931
B1000932,932
B1000933,933
B1000934,934
B1000935,935
B1000936,936
B1000937,937
B1000938,938
B1000939,939
B1000940,940
B1000941,941
B1000942,942
B1000943,943
B1000944,944
B1000945,945
B1000946,946
B1000947,947
B1000948,948
B1000949,949
B1000950,950
B1000951,951
B1000952,952
B1000953,953
B1000954,954
B1000955,955
B1000956,956
B1000957,957
B1000958,958
B1000959,959
B1000960,960
B1000961,961
B1000962,962
B1000963,963
B1000964,964
B1000965,965
B1000966,966
B1000967,967
B1000968,968
B1000969,969
B1000970,970
B1000971,971
B1000972,972
B1000973,973
B1000974,974
B1000975,975
B1000976,976
B1000977,977
B1000978,978
B1000979,979
B1000980,980
B1000981,981
B1000982,982
B1000983,983
B1000984,984
B1000985,985
B1000986,986
B1000987,987
B1000988,988
B1000989,989
B1000990,990
B1000991,991
B1000992,992
B1000993,993
B1000994,994
B1000995,995
B1000996,996
B1000997,997
B1000998,998
B1000999,999
B1001000,1000
B1001001,1001
B1001002,1002
B1001003,1003
B1001004,1004
B1001005,1005
B1001006,1006
B1001007,1007
B1001008,1008
B1001009,1009
B1001010,1010
B1001011,1011
B1001012,1012
B1001013,1013
B1001014,1014
B1001015,1015
B1001016,1016
B1001017,1017
B1001018,1018
B1001019,1019
B1001020,1020
B1001021,1021
B1001022,1022
B1001023,1023
B1001024,1024
B1001025,1025
B1001026,1026
B1001027,1027
B1001028,1028
B1001029,1029
B1001030,1030
B1001031,1031
B1001032,1032
B1001033,1033
B1001034,1034
B1001035,1035
B1001036,1036
B1001037,1037
B1001038,1038
B1001039,1039
B1001040,1040
B1001041,1041
B1001042,1042
B1001043,1043
B1001044,1044
B1001045,1045
B1001046,1046
B1001047,1047
B1001048,1048
B1001049,1049
B1001050,1050
B1001051,1051
B1001052,1052
B1001053,1053
B1001054,1054
B1001055,1055
B1001056,1056
B1001057,1057
B1001058,1058
B1001059,1059
B1001060,1060
B1001061,1061
B1001062,1062
B1001063,1063
B1001064,1064
B1001065,1065
B1001066,1066
B1001067,1067
B1001068,1068
B1001069,1069
B1001070,1070
B1001071,1071
B1001072,1072
B1001073,1073
B1001074,1074
B1001075,1075
B1001076,1076
B1001077,1077
B1001078,1078
B1001079,1079
B1001080,1080
B1001081,1081
B1001082,1082
B1001083,1083
B1001084,1084
B1001085,1085
B1001086,1086
B1001087,1087
B1001088,1088
B1001089,1089
B1001090,1090
B1001091,1091
B1001092,1092
B1001093,1093
B1001094,1094
B1001095,1095
B1001096,1096
B1001097,1097
B1001098,1098
B1001099,1099
B1001100,1100
B1001101,1101
B1001102,1102
B1001103,1103
B1001104,1104
B1001105,1105
B1001106,1106
B1001107,1107
B1001108,1108
B1001109,1109
B1001110,1110
B1001111,1111
B1001112,1112
B1001113,1113
B1001114,1114
B1001115,1115
B1001116,1116
B1001117,1117
B1001118,1118
B1001119,1119
B1001120,1120
B1001121,1121
B1001122,1122
B1001123,1123
B1001124,1124
B1001125,1125
B1001126,1126
B1001127,1127
B1001128,1128
B1001129,1129
B1001130,1130
B1001131,1131
B1001132,1132
B1001133,1133
B1001134,1134
B1001135,1135
B1001136,1136
B1001137,1137
B1001138,1138
B1001139,1139
B1001140,1140
B1001141,1141
B1001142,1142
B1001143,1143
B1001144,1144
B1001145,1145
B1001146,1146
B1001147,1147
B1001148,1148
B1001149,1149
B1001150,1150
B1001151,1151
B1001152,1152
B1001153,1153
B1001154,1154
B1001155,1155
B1001156,1156
B1001157,1157
B1001158,1158
B1001159,1159
B1001160,1160
B1001161,1161
B1001162,1162
B1001163,1163
B1001164,1164
B1001165,1165
B1001166,1166
B1001167,1167
B1001168,1168
B1001169,1169
B1001170,1170
B1001171,1171
B1001172,1172
B1001173,1173
B1001174,1174
B1001175,1175
B1001176,1176
B1001177,1177
B1001178,1178
B1001179,1179
B1001180,1180
B1001181,1181
B1001182,1182
B1001183,1183
B1001184,1184
B1001185,1185
B1001186,1186
B1001187,1187
B1001188,1188
B1001189,1189
B1001190,1190
B1001191,1191
B1001192,1192
B1001193,1193
B1001194,1194
B1001195,1195
B1001196,1196
B1001197,1197
B1001198,1198
B1001199,1199
B1001200,1200
B1001201,1201
B1001202,1202
B1001203,1203
B1001204,1204
B1001205,1205
B1001206,1206
B1001207,1207
B1001208,1208
B1001209,1209
B1001210,1210
B1001211,1211
B1001212,1212
B1001213,1213
B1001214,1214
B1001215,1215
B1001216,1216
B1001217,1217
B1001218,1218
B1001219,1219
B1001220,1220
B1001221,1221
B1001222,1222
B1001223,1223
B1001224,1224
B1001225,1225
B1001226,1226
B1001227,1227
B1001228,1228
B1001229,1229
B1001230,1230
B1001231,1231
B1001232,1232
B1001233,1233
B1001234,1234
B1001235,1235
B1001236,1236
B1001237,1237
B1001238,1238
B1001239,1239
B1001240,1240
B1001241,1241
B1001242,1242
B1001243,1243
B1001244,1244
B1001245,1245
B1001246,1246
B1001247,1247
B1001248,1248
B1001249,1249
B1001250,1250
B1001251,1251
B1001252,1252
B1001253,1253
B1001254,1254
B1001255,1255
B1001256,1256
B1001257,1257
B1001258,1258
B1001259,1259
B1001260,1260
B1001261,1261
B1001262,1262
B1001263,1263
B1001264,1264
B1001265,1265
B1001266,1266
B1001267,1267
B1001268,1268
B1001269,1269
B1001270,1270
B1001271,1271
B1001272,1272
B1001273,1273
B1001274,1274
B1001275,1275
B1001276,1276
B1001277,1277
B1001278,1278
B1001279,1279
B1001280,1280
B1001281,1281
B1001282,1282
B1001283,1283
B1001284,1284
B1001285,1285
B1001286,1286
B1001287,1287
B1001288,1288
B1001289,1289
B1001290,1290
B1001291,1291
B1001292,1292
B1001293,1293
B1001294,1294
B1001295,1295
B1001296,1296
B1001297,1297
B1001298,1298
B1001299,1299
B1001300,1300
B1001301,1301
B1001302,1302
B1001303,1303
B1001304,1304
B1001305,1305
B1001306,1306
B1001307,1307
B1001308,1308
B1001309,1309
B1001310,1310
B1001311,1311
B1001312,1312
B1001313,1313
B1001314,1314
B1001315,1315
B1001316,1316
B1001317,1317
B1001318,1318
B1001319,1319
B1001320,1320
B1001321,1321
B1001322,1322
B1001323,1323
B1001324,1324
B1001325,1325
B1001326,1326
B1001327,1327
B1001328,1328
B1001329,1329
B1001330,1330
B1001331,1331
B1001332,1332
B1001333,1333
B1001334,1334
B1001335,1335
B1001336,1336
B1001337,1337
B1001338,1338
B1001339,1339
B1001340,1340
B1001341,1341
B1001342,1342
B1001343,1343
B1001344,1344
B1001345,1345
B1001346,1346
B1001347,1347
B1001348,1348
B1001349,1349
B1001350,1350
B1001351,1351
B1001352,1352
B1001353,1353
B1001354,1354
B1001355,1355
B1001356,1356
B1001357,1357
B1001358,1358
B1001359,1359
B1001360,1360
B1001361,1361
B1001362,1362
B1001363,1363
B1001364,1364
B1001365,1365
B1001366,1366
B1001367,1367
B1001368,1368
B1001369,1369
B1001370,1370
B1001371,1371
B1001372,1372
B1001373,1373
B1001374,1374
B1001375,1375
B1001376,1376
B1001377,1377
B1001378,1378
B1001379,1379
B1001380,1380
B1001381,1381
B1001382,1382
B1001383,1383
B1001384,1384
B1001385,1385
B1001386,1386
B1001387,1387
B1001388,1388
B1001389,1389
B1001390,1390
B1001391,1391
B1001392,1392
B1001393,1393
B1001394,1394
B1001395,1395
B1001396,1396
B1001397,1397
B1001398,1398
B1001399,1399
B1001400,1400
B1001401,1401
B1001402,1402
B1001403,1403
B1001404,1404
B1001405,1405
B1001406,1406
B1001407,1407
B1001408,1408
B1001409,1409
B1001410,1410
B1001411,1411
B1001412,1412
B1001413,1413
B1001414,1414
B1001415,1415
B1001416,1416
B1001417,1417
B1001418,1418
B1001419,1419
B1001420,1420
B1001421,1421
B1001422,1422
B1001423,1423
B1001424,1424
B1001425,1425
B1001426,1426
B1001427,1427
B1001428,1428
B1001429,1429
B1001430,1430
B1001431,1431
B1001432,1432
B1001433,1433
B1001434,1434
B1001435,1435
B1001436,1436
B1001437,1437
B1001438,1438
B1001439,1439
B1001440,1440
B1001441,1441
B1001442,1442
B1001443,1443
B1001444,1444
B1001445,1445
B1001446,1446
B1001447,1447
B1001448,1448
B1001449,1449
B1001450,1450
B1001451,1451
B1001452,1452
B1001453,1453
B1001454,1454
B1001455,1455
B1001456,1456
B1001457,1457
B1001458,1458
B1001459,1459
B1001460,1460
B1001461,1461
B1001462,1462
B1001463,1463
B1001464,1464
B1001465,1465
B1001466,1466
B1001467,1467
B1001468,1468
B1001469,1469
B1001470,1470
B1001471,1471
B1001472,1472
B1001473,1473
B1001474,1474
B1001475,1475
B1001476,1476
B1001477,1477
B1001478,1478
B1001479,1479
B1001480,1480
B1001481,1481
B1001482,1482
B1001483,1483
B1001484,1484
B1001485,1485
B1001486,1486
B1001487,1487
B1001488,1488
B1001489,1489
B1001490,1490
B1001491,1491
B1001492,1492
B1001493,1493
B1001494,1494
B1001495,1495
B1001496,1496
B1001497,1497
B1001498,1498
B1001499,1499
B1001500,1500
B1001501,1501
B1001502,1502
B1001503,1503
B1001504,1504
B1001505,1505
B1001506,1506
B1001507,1507
B1001508,1508
B1001509,1509
B1001510,1510
B1001511,1511
B1001512,1512
B1001513,1513
B1001514,1514
B1001515,1515
B1001516,1516
B1001517,1517
B1001518,1518
B1001519,1519
B1001520,1520
B1001521,1521
B1001522,1522
B1001523,1523
B1001524,1524
B1001525,1525
B1001526,1526
B1001527,1527
B1001528,1528
B1001529,1529
B1001530,1530
B1001531,1531
B1001532,1532
B1001533,1533
B1001534,1534
B1001535,1535
B1001536,1536
B1001537,1537
B1001538,1538
B1001539,1539
B1001540,1540
B1001541,1541
B1001542,1542
B1001543,1543
B1001544,1544
B1001545,1545
B1001546,1546
B1001547,1547
B1001548,1548
B1001549,1549
B1001550,1550
B1001551,1551
B1001552,1552
B1001553,1553
B1001554,1554
B1001555,1555
B1001556,1556
B1001557,1557
B1001558,1558
B1001559,1559
B1001560,1560
B1001561,1561
B1001562,1562
B1001563,1563
B1001564,1564
B1001565,1565
B1001566,1566
B1001567,1567
B1001568,1568
B1001569,1569
B1001570,1570
B1001571,1571
B1001572,1572
B1001573,1573
B1001574,1574
B1001575,1575
B1001576,1576
B1001577,1577
B1001578,1578
B1001579,1579
B1001580,1580
B1001581,1581
B1001582,1582
B1001583,1583
B1001584,1584
B1001585,1585
B1001586,1586
B1001587,1587
B1001588,1588
B1001589,1589
B1001590,1590
B1001591,1591
B1001592,1592
B1001593,1593
B1001594,1594
B1001595,1595
B1001596,1596
B1001597,1597
B1001598,1598
B1001599,1599
B1001600,1600
B1001601,1601
B1001602,1602
B1001603,1603
B1001604,1604
B1001605,1605
B1001606,1606
B1001607,1607
B1001608,1608
B1001609,1609
B1001610,1610
B1001611,1611
B1001612,1612
B1001613,1613
B1001614,1614
B1001615,1615
B1001616,1616
B1001617,1617
B1001618,1618
B1001619,1619
B1001620,1620
B1001621,1621
B1001622,1622
B1001623,1623
B1001624,1624
B1001625,1625
B1001626,1626
B1001627,1627
B1001628,1628
B1001629,1629
B1001630,1630
B1001631,1631
B1001632,1632
B1001633,1633
B1001634,1634
B1001635,1635
B1001636,1636
B1001637,1637
B1001638,1638
B1001639,1639
B1001640,1640
B1001641,1641
B1001642,1642
B1001643,1643
B1001644,1644
B1001645,1645
B1001646,1646
B1001647,1647
B1001648,1648
B1001649,1649
B1001650,1650
B1001651,1651
B1001652,1652
B1001653,1653
B1001654,1654
B1001655,1655
B1001656,1656
B1001657,1657
B1001658,1658
B1001659,1659
B1001660,1660
B1001661,1661
B1001662,1662
B1001663,1663
B1001664,1664
B1001665,1665
B1001666,1666
B1001667,1667
B1001668,1668
B1001669,1669
B1001670,1670
B1001671,1671
B1001672,1672
B1001673,1673
B1001674,1674
B1001675,1675
B1001676,1676
B1001677,1677
B1001678,1678
B1001679,1679
B1001680,1680
B1001681,1681
B1001682,1682
B1001683,1683
B1001684,1684
B1001685,1685
B1001686,1686
B1001687,1687
B1001688,1688
B1001689,1689
B1001690,1690
B1001691,1691
B1001692,1692
B1001693,1693
B1001694,1694
B1001695,1695
B1001696,1696
B1001697,1697
B1001698,1698
B1001699,1699
B1001700,1700
B1001701,1701
B1001702,1702
B1001703,1703
B1001704,1704
B1001705,1705
B1001706,1706
B1001707,1707
B1001708,1708
B1001709,1709
B1001710,1710
B1001711,1711
B1001712,1712
B1001713,1713
B1001714,1714
B1001715,1715
B1001716,1716
B1001717,1717
B1001718,1718
B1001719,1719
B1001720,1720
B1001721,1721
B1001722,1722
B1001723,1723
B1001724,1724
B1001725,1725
B1001726,1726
B1001727,1727
B1001728,1728
B1001729,1729
B1001730,1730
B1001731,1731
B1001732,1732
B1001733,1733
B1001734,1734
B1001735,1735
B1001736,1736
B1001737,1737
B1001738,1738
B1001739,1739
B1001740,1740
B1001741,1741
B1001742,1742
B1001743,1743
B1001744,1744
B1001745,1745
B1001746,1746
B1001747,1747
B1001748,1748
B1001749,1749
B1001750,1750
B1001751,1751
B1001752,1752
B1001753,1753
B1001754,1754
B1001755,1755
B1001756,1756
B1001757,1757
B1001758,1758
B1001759,1759
B1001760,1760
B1001761,1761
B1001762,1762
B1001763,1763
B1001764,1764
B1001765,1765
B1001766,1766
B1001767,1767
B1001768,1768
B1001769,1769
B1001770,1770
B1001771,1771
B1001772,1772
B1001773,1773
B1001774,1774
B1001775,1775
B1001776,1776
B1001777,1777
B1001778,1778
B1001779,1779
B1001780,1780
B1001781,1781
B1001782,1782
B1001783,1783
B1001784,1784
B1001785,1785
B1001786,1786
B1001787,1787
B1001788,1788
B1001789,1789
B1001790,1790
B1001791,1791
B1001792,1792
B1001793,1793
B1001794,1794
B1001795,1795
B1001796,1796
B1001797,1797
B1001798,1798
B1001799,1799
B1001800,1800
B1001801,1801
B1001802,1802
B1001803,1803
B1001804,1804
B1001805,1805
B1001806,1806
B1001807,1807
B1001808,1808
B1001809,1809
B1001810,1810
B1001811,1811
B1001812,1812
B1001813,1813
B1001814,1814
B1001815,1815
B1001816,1816
B1001817,1817
B1001818,1818
B1001819,1819
B1001820,1820
B1001821,1821
B1001822,1822
B1001823,1823
B1001824,1824
B1001825,1825
B1001826,1826
B1001827,1827
B1001828,1828
B1001829,1829
B1001830,1830
B1001831,1831
B1001832,1832
B1001833,1833
B1001834,1834
B1001835,1835
B1001836,1836
B1001837,1837
B1001838,1838
B1001839,1839
B1001840,1840
B1001841,1841
B1001842,1842
B1001843,1843
B1001844,1844
B1001845,1845
B1001846,1846
B1001847,1847
B1001848,1848
B1001849,1849
B1001850,1850
B1001851,1851
B1001852,1852
B1001853,1853
B1001854,1854
B1001855,1855
B1001856,1856
B1001857,1857
B1001858,1858
B1001859,1859
B1001860,1860
B1001861,1861
B1001862,1862
B1001863,1863
B1001864,1864
B1001865,1865
B1001866,1866
B1001867,1867
B1001868,1868
B1001869,1869
B1001870,1870
B1001871,1871
B1001872,1872
B1001873,1873
B1001874,1874
B1001875,1875
B1001876,1876
B1001877,1877
B1001878,1878
B1001879,1879
B1001880,1880
B1001881,1881
B1001882,1882
B1001883,1883
B1001884,1884
B1001885,1885
B1001886,1886
B1001887,1887
B1001888,1888
B1001889,1889
B1001890,1890
B1001891,1891
B1001892,1892
B1001893,1893
B1001894,1894
B1001895,1895
B1001896,1896
B1001897,1897
B1001898,1898
B1001899,1899
B1001900,1900
B1001901,1901
B1001902,1902
B1001903,1903
B1001904,1904
B1001905,1905
B1001906,1906
B1001907,1907
B1001908,1908
B1001909,1909
B1001910,1910
B1001911,1911
B1001912,1912
B1001913,1913
B1001914,1914
B1001915,1915
B1001916,1916
B1001917,1917
B1001918,1918
B1001919,1919
B1001920,1920
B1001921,1921
B1001922,1922
B1001923,1923
B1001924,1924
B1001925,1925
B1001926,1926
B1001927,1927
B1001928,1928
B1001929,1929
B1001930,1930
B1001931,1931
B1001932,1932
B1001933,1933
B1001934,1934
B1001935,1935
B1001936,1936
B1001937,1937
B1001938,1938
B1001939,1939
B1001940,1940
B1001941,1941
B1001942,1942
B1001943,1943
B1001944,1944
B1001945,1945
B1001946,1946
B1001947,1947
B1001948,1948
B1001949,1949
B1001950,1950
B1001951,1951
B1001952,1952
B1001953,1953
B1001954,1954
B1001955,1955
B1001956,1956
B1001957,1957
B1001958,1958
B1001959,1959
B1001960,1960
B1001961,1961
B1001962,1962
B1001963,1963
B1001964,1964
B1001965,1965
B1001966,1966
B1001967,1967
B1001968,1968
B1001969,1969
B1001970,1970
B1001971,1971
B1001972,1972
B1001973,1973
B1001974,1974
B1001975,1975
B1001976,1976
B1001977,1977
B1001978,1978
B1001979,1979
B1001980,1980
B1001981,1981
B1001982,1982
B1001983,1983
B1001984,1984
B1001985,1985
B1001986,1986
B1001987,1987
B1001988,1988
B1001989,1989
B1001990,1990
B1001991,1991
B1001992,1992
B1001993,1993
B1001994,1994
B1001995,1995
B1001996,1996
B1001997,1997
B1001998,1998
B1001999,1999
B1002000,2000
B1002001,2001
B1002002,2002
B1002003,2003
B1002004,2004
B1002005,2005
B1002006,2006
B1002007,2007
B1002008,2008
B1002009,2009
B1002010,2010
B1002011,2011
B1002012,2012
B1002013,2013
B1002014,2014
B1002015,2015
B1002016,2016
B1002017,2017
B1002018,2018
B1002019,2019
B1002020,2020
B1002021,2021
B1002022,2022
B1002023,2023
B1002024,2024
B1002025,2025
B1002026,2026
B1002027,2027
B1002028,2028
B1002029,2029
B1002030,2030
B1002031,2031
B1002032,2032
B1002033,2033
B1002034,2034
B1002035,2035
B1002036,2036
B1002037,2037
B1002038,2038
B1002039,2039
B1002040,2040
B1002041,2041
B1002042,2042
B1002043,2043
B1002044,2044
B1002045,2045
B1002046,2046
B1002047,2047
B1002048,2048
B1002049,2049
B1002050,2050
B1002051,2051
B1002052,2052
B1002053,2053
B1002054,2054
B1002055,2055
B1002056,2056
B1002057,2057
B1002058,2058
B1002059,2059
B1002060,2060
B1002061,2061
B1002062,2062
B1002063,2063
B1002064,2064
B1002065,2065
B1002066,2066
B1002067,2067
B1002068,2068
B1002069,2069
B1002070,2070
B1002071,2071
B1002072,2072
B1002073,2073
B1002074,2074
B1002075,2075
B1002076,2076
B1002077,2077
B1002078,2078
B1002079,2079
B1002080,2080
B1002081,2081
B1002082,2082
B1002083,2083
B1002084,2084
B1002085,2085
B1002086,2086
B1002087,2087
B1002088,2088
B1002089,2089
B1002090,2090
B1002091,2091
B1002092,2092
B1002093,2093
B1002094,2094
B1002095,2095
B1002096,2096
B1002097,2097
B1002098,2098
B1002099,2099
B1002100,2100
B1002101,2101
B1002102,2102
B1002103,2103
B1002104,2104
B1002105,2105
B1002106,2106
B1002107,2107
B1002108,2108
B1002109,2109
B1002110,2110
B1002111,2111
B1002112,2112
B1002113,2113
B1002114,2114
B1002115,2115
B1002116,2116
B1002117,2117
B1002118,2118
B1002119,2119
B1002120,2120
B1002121,2121
B1002122,2122
B1002123,2123
B1002124,2124
B1002125,2125
B1002126,2126
B1002127,2127
B1002128,2128
B1002129,2129
B1002130,2130
B1002131,2131
B1002132,2132
B1002133,2133
B1002134,2134
B1002135,2135
B1002136,2136
B1002137,2137
B1002138,2138
B1002139,2139
B1002140,2140
B1002141,2141
B1002142,2142
B1002143,2143
B1002144,2144
B1002145,2145
B1002146,2146
B1002147,2147
B1002148,2148
B1002149,2149
B1002150,2150
B1002151,2151
B1002152,2152
B1002153,2153
B1002154,2154
B1002155,2155
B1002156,2156
B1002157,2157
B1002158,2158
B1002159,2159
B1002160,2160
B1002161,2161
B1002162,2162
B1002163,2163
B1002164,2164
B1002165,2165
B1002166,2166
B1002167,2167
B1002168,2168
B1002169,2169
B1002170,2170
B1002171,2171
B1002172,2172
B1002173,2173
B1002174,2174
B1002175,2175
B1002176,2176
B1002177,2177
B1002178,2178
B1002179,2179
B1002180,2180
B1002181,2181
B1002182,2182
B1002183,2183
B1002184,2184
B1002185,2185
B1002186,2186
B1002187,2187
B1002188,2188
B1002189,2189
B1002190,2190
B1002191,2191
B1002192,2192
B1002193,2193
B1002194,2194
B1002195,2195
B1002196,2196
B1002197,2197
B1002198,2198
B1002199,2199
B1002200,2200
B1002201,2201
B1002202,2202
B1002203,2203
B1002204,2204
B1002205,2205
B1002206,2206
B1002207,2207
B1002208,2208
B1002209,2209
B1002210,2210
B1002211,2211
B1002212,2212
B1002213,2213
B1002214,2214
B1002215,2215
B1002216,2216
B1002217,2217
B1002218,2218
B1002219,2219
B1002220,2220
B1002221,2221
B1002222,2222
B1002223,2223
B1002224,2224
B1002225,2225
B1002226,2226
B1002227,2227
B1002228,2228
B1002229,2229
B1002230,2230
B1002231,2231
B1002232,2232
B1002233,2233
B1002234,2234
B1002235,2235
B1002236,2236
B1002237,2237
B1002238,2238
B1002239,2239
B1002240,2240
B1002241,2241
B1002242,2242
B1002243,2243
B1002244,2244
B1002245,2245
B1002246,2246
B1002247,2247
B1002248,2248
B1002249,2249
B1002250,2250
B1002251,2251
B1002252,2252
B1002253,2253
B1002254,2254
B1002255,2255
B1002256,2256
B1002257,2257
B1002258,2258
B1002259,2259
B1002260,2260
B1002261,2261
B1002262,2262
B1002263,2263
B1002264,2264
B1002265,2265
B1002266,2266
B1002267,2267
B1002268,2268
B1002269,2269
B1002270,2270
B1002271,2271
B1002272,2272
B1002273,2273
B1002274,2274
B1002275,2275
B1002276,2276
B1002277,2277
B1002278,2278
B1002279,2279
B1002280,2280
B1002281,2281
B1002282,2282
B1002283,2283
B1002284,2284
B1002285,2285
B1002286,2286
B1002287,2287
B1002288,2288
B1002289,2289
B1002290,2290
B1002291,2291
B1002292,2292
B1002293,2293
B1002294,2294
B1002295,2295
B1002296,2296
B1002297,2297
B1002298,2298
B1002299,2299
B1002300,2300
B1002301,2301
B1002302,2302
B1002303,2303
B1002304,2304
B1002305,2305
B1002306,2306
B1002307,2307
B1002308,2308
B1002309,2309
B1002310,2310
B1002311,2311
B1002312,2312
B1002313,2313
B1002314,2314
B1002315,2315
B1002316,2316
B1002317,2317
B1002318,2318
B1002319,2319
B1002320,2320
B1002321,2321
B1002322,2322
B1002323,2323
B1002324,2324
B1002325,2325
B1002326,2326
B1002327,2327
B1002328,2328
B1002329,2329
B1002330,2330
B1002331,2331
B1002332,2332
B1002333,2333
B1002334,2334
B1002335,2335
B1002336,2336
B1002337,2337
B1002338,2338
B1002339,2339
B1002340,2340
B1002341,2341
B1002342,2342
B1002343,2343
B1002344,2344
B1002345,2345
B1002346,2346
B1002347,2347
B1002348,2348
B1002349,2349
B1002350,2350
B1002351,2351
B1002352,2352
B1002353,2353
B1002354,2354
B1002355,2355
B1002356,2356
B1002357,2357
B1002358,2358
B1002359,2359
B1002360,2360
B1002361,2361
B1002362,2362
B1002363,2363
B1002364,2364
B1002365,2365
B1002366,2366
B1002367,2367
B1002368,2368
B1002369,2369
B1002370,2370
B1002371,2371
B1002372,2372
B1002373,2373
B1002374,2374
B1002375,2375
B1002376,2376
B1002377,2377
B1002378,2378
B1002379,2379
B1002380,2380
B1002381,2381
B1002382,2382
B1002383,2383
B1002384,2384
B1002385,2385
B1002386,2386
B1002387,2387
B1002388,2388
B1002389,2389
B1002390,2390
B1002391,2391
B1002392,2392
B1002393,2393
B1002394,2394
B1002395,2395
B1002396,2396
B1002397,2397
B1002398,2398
B1002399,2399
B1002400,2400
B1002401,2401
B1002402,2402
B1002403,2403
B1002404,2404
B1002405,2405
B1002406,2406
B1002407,2407
B1002408,2408
B1002409,2409
B1002410,2410
B1002411,2411
B1002412,2412
B1002413,2413
B1002414,2414
B1002415,2415
B1002416,2416
B1002417,2417
B1002418,2418
B1002419,2419
B1002420,2420
B1002421,2421
B1002422,2422
B1002423,2423
B1002424,2424
B1002425,2425
B1002426,2426
B1002427,2427
B1002428,2428
B1002429,2429
B1002430,2430
B1002431,2431
B1002432,2432
B1002433,2433
B1002434,2434
B1002435,2435
B1002436,2436
B1002437,2437
B1002438,2438
B1002439,2439
B1002440,2440
B1002441,2441
B1002442,2442
B1002443,2443
B1002444,2444
B1002445,2445
B1002446,2446
B1002447,2447
B1002448,2448
B1002449,2449
B1002450,2450
B1002451,2451
B1002452,2452
B1002453,2453
B1002454,2454
B1002455,2455
B1002456,2456
B1002457,2457
B1002458,2458
B1002459,2459
B1002460,2460
B1002461,2461
B1002462,2462
B1002463,2463
B1002464,2464
B1002465,2465
B1002466,2466
B1002467,2467
B1002468,2468
B1002469,2469
B1002470,2470
B1002471,2471
B1002472,2472
B1002473,2473
B1002474,2474
B1002475,2475
B1002476,2476
B1002477,2477
B1002478,2478
B1002479,2479
B1002480,2480
B1002481,2481
B1002482,2482
B1002483,2483
B1002484,2484
B1002485,2485
B1002486,2486
B1002487,2487
B1002488,2488
B1002489,2489
B1002490,2490
B1002491,2491
B1002492,2492
B1002493,2493
B1002494,2494
B1002495,2495
B1002496,2496
B1002497,2497
B1002498,2498
B1002499,2499
B1002500,2500
B1002501,2501
B1002502,2502
B1002503,2503
B1002504,2504
B1002505,2505
B1002506,2506
B1002507,2507
B1002508,2508
B1002509,2509
B1002510,2510
B1002511,2511
B1002512,2512
B1002513,2513
B1002514,2514
B1002515,2515
B1002516,2516
B1002517,2517
B1002518,2518
B1002519,2519
B1002520,2520
B1002521,2521
B1002522,2522
B1002523,2523
B1002524,2524
B1002525,2525
B1002526,2526
B1002527,2527
B1002528,2528
B1002529,2529
B1002530,2530
B1002531,2531
B1002532,2532
B1002533,2533
B1002534,2534
B1002535,2535
B1002536,2536
B1002537,2537
B1002538,2538
B1002539,2539
B1002540,2540
B1002541,2541
B1002542,2542
B1002543,2543
B1002544,2544
B1002545,2545
B1002546,2546
B1002547,2547
B1002548,2548
B1002549,2549
B1002550,2550
B1002551,2551
B1002552,2552
B1002553,2553
B1002554,2554
B1002555,2555
B1002556,2556
B1002557,2557
B1002558,2558
B1002559,2559
B1002560,2560
B1002561,2561
B1002562,2562
B1002563,2563
B1002564,2564
B1002565,2565
B1002566,2566
B1002567,2567
B1002568,2568
B1002569,2569
B1002570,2570
B1002571,2571
B1002572,2572
B1002573,2573
B1002574,2574
B1002575,2575
B1002576,2576
B1002577,2577
B1002578,2578
B1002579,2579
B1002580,2580
B1002581,2581
B1002582,2582
B1002583,2583
B1002584,2584
B1002585,2585
B1002586,2586
B1002587,2587
B1002588,2588
B1002589,2589
B1002590,2590
B1002591,2591
B1002592,2592
B1002593,2593
B1002594,2594
B1002595,2595
B1002596,2596
B1002597,2597
B1002598,2598
B1002599,2599
B1002600,2600
B1002601,2601
B1002602,2602
B1002603,2603
B1002604,2604
B1002605,2605
B1002606,2606
B1002607,2607
B1002608,2608
B1002609,2609
B1002610,2610
B1002611,2611
B1002612,2612
B1002613,2613
B1002614,2614
B1002615,2615
B1002616,2616
B1002617,2617
B1002618,2618
B1002619,2619
B1002620,2620
B1002621,2621
B1002622,2622
B1002623,2623
B1002624,2624
B1002625,2625
B1002626,2626
B1002627,2627
B1002628,2628
B1002629,2629
B1002630,2630
B1002631,2631
B1002632,2632
B1002633,2633
B1002634,2634
B1002635,2635
B1002636,2636
B1002637,2637
B1002638,2638
B1002639,2639
B1002640,2640
B1002641,2641
B1002642,2642
B1002643,2643
B1002644,2644
B1002645,2645
B1002646,2646
B1002647,2647
B1002648,2648
B1002649,2649
B1002650,2650
B1002651,2651
B1002652,2652
B1002653,2653
B1002654,2654
B1002655,2655
B1002656,2656
B1002657,2657
B1002658,2658
B1002659,2659
B1002660,2660
B1002661,2661
B1002662,2662
B1002663,2663
B1002664,2664
B1002665,2665
B1002666,2666
B1002667,2667
B1002668,2668
B1002669,2669
B1002670,2670
B1002671,2671
B1002672,2672
B1002673,2673
B1002674,2674
B1002675,2675
B1002676,2676
B1002677,2677
B1002678,2678
B1002679,2679
B1002680,2680
B1002681,2681
B1002682,2682
B1002683,2683
B1002684,2684
B1002685,2685
B1002686,2686
B1002687,2687
B1002688,2688
B1002689,2689
B1002690,2690
B1002691,2691
B1002692,2692
B1002693,2693
B1002694,2694
B1002695,2695
B1002696,2696
B1002697,2697
B1002698,2698
B1002699,2699
B1002700,2700
B1002701,2701
B1002702,2702
B1002703,2703
B1002704,2704
B1002705,2705
B1002706,2706
B1002707,2707
B1002708,2708
B1002709,2709
B1002710,2710
B1002711,2711
B1002712,2712
B1002713,2713
B1002714,2714
B1002715,2715
B1002716,2716
B1002717,2717
B1002718,2718
B1002719,2719
B1002720,2720
B1002721,2721
B1002722,2722
B1002723,2723
B1002724,2724
B1002725,2725
B1002726,2726
B1002727,2727
B1002728,2728
B1002729,2729
B1002730,2730
B1002731,2731
B1002732,2732
B1002733,2733
B1002734,2734
B1002735,2735
B1002736,2736
B1002737,2737
B1002738,2738
B1002739,2739
B1002740,2740
B1002741,2741
B1002742,2742
B1002743,2743
B1002744,2744
B1002745,2745
B1002746,2746
B1002747,2747
B1002748,2748
B1002749,2749
B1002750,2750
B1002751,2751
B1002752,2752
B1002753,2753
B1002754,2754
B1002755,2755
B1002756,2756
B1002757,2757
B1002758,2758
B1002759,2759
B1002760,2760
B1002761,2761
B1002762,2762
B1002763,2763
B1002764,2764
B1002765,2765
B1002766,2766
B1002767,2767
B1002768,2768
B1002769,2769
B1002770,2770
B1002771,2771
B1002772,2772
B1002773,2773
B1002774,2774
B1002775,2775
B1002776,2776
B1002777,2777
B1002778,2778
B1002779,2779
B1002780,2780
B1002781,2781
B1002782,2782
B1002783,2783
B1002784,2784
B1002785,2785
B1002786,2786
B1002787,2787
B1002788,2788
B1002789,2789
B1002790,2790
B1002791,2791
B1002792,2792
B1002793,2793
B1002794,2794
B1002795,2795
B1002796,2796
B1002797,2797
B1002798,2798
B1002799,2799
B1002800,2800
B1002801,2801
B1002802,2802
B1002803,2803
B1002804,2804
B1002805,2805
B1002806,2806
B1002807,2807
B1002808,2808
B1002809,2809
B1002810,2810
B1002811,2811
B1002812,2812
B1002813,2813
B1002814,2814
B1002815,2815
B1002816,2816
B1002817,2817
B1002818,2818
B1002819,2819
B1002820,2820
B1002821,2821
B1002822,2822
B1002823,2823
B1002824,2824
B1002825,2825
B1002826,2826
B1002827,2827
B1002828,2828
B1002829,2829
B1002830,2830
B1002831,2831
B1002832,2832
B1002833,2833
B1002834,2834
B1002835,2835
B1002836,2836
B1002837,2837
B1002838,2838
B1002839,2839
B1002840,2840
B1002841,2841
B1002842,2842
B1002843,2843
B1002844,2844
B1002845,2845
B1002846,2846
B1002847,2847
B1002848,2848
B1002849,2849
B1002850,2850
B1002851,2851
B1002852,2852
B1002853,2853
B1002854,2854
B1002855,2855
B1002856,2856
B1002857,2857
B1002858,2858
B1002859,2859
B1002860,2860
B1002861,2861
B1002862,2862
B1002863,2863
B1002864,2864
B1002865,2865
B1002866,2866
B1002867,2867
B1002868,2868
B1002869,2869
B1002870,2870
B1002871,2871
B1002872,2872
B1002873,2873
B1002874,2874
B1002875,2875
B1002876,2876
B1002877,2877
B1002878,2878
B1002879,2879
B1002880,2880
B1002881,2881
B1002882,2882
B1002883,2883
B1002884,2884
B1002885,2885
B1002886,2886
B1002887,2887
B1002888,2888
B1002889,2889
B1002890,2890
B1002891,2891
B1002892,2892
B1002893,2893
B1002894,2894
B1002895,2895
B1002896,2896
B1002897,2897
B1002898,2898
B1002899,2899
B1002900,2900
B1002901,2901
B1002902,2902
B1002903,2903
B1002904,2904
B1002905,2905
B1002906,2906
B1002907,2907
B1002908,2908
B1002909,2909
B1002910,2910
B1002911,2911
B1002912,2912
B1002913,2913
B1002914,2914
B1002915,2915
B1002916,2916
B1002917,2917
B1002918,2918
B1002919,2919
B1002920,2920
B1002921,2921
B1002922,2922
B1002923,2923
B1002924,2924
B1002925,2925
B1002926,2926
B1002927,2927
B1002928,2928
B1002929,2929
B1002930,2930
B1002931,2931
B1002932,2932
B1002933,2933
B1002934,2934
B1002935,2935
B1002936,2936
B1002937,2937
B1002938,2938
B1002939,2939
B1002940,2940
B1002941,2941
B1002942,2942
B1002943,2943
B1002944,2944
B1002945,2945
B1002946,2946
B1002947,2947
B1002948,2948
B1002949,2949
B1002950,2950
B1002951,2951
B1002952,2952
B1002953,2953
B1002954,2954
B1002955,2955
B1002956,2956
B1002957,2957
B1002958,2958
B1002959,2959
B1002960,2960
B1002961,2961
B1002962,2962
B1002963,2963
B1002964,2964
B1002965,2965
B1002966,2966
B1002967,2967
B1002968,2968
B1002969,2969
B1002970,2970
B1002971,2971
B1002972,2972
B1002973,2973
B1002974,2974
B1002975,2975
B1002976,2976
B1002977,2977
B1002978,2978
B1002979,2979
B1002980,2980
B1002981,2981
B1002982,2982
B1002983,2983
B1002984,2984
B1002985,2985
B1002986,2986
B1002987,2987
B1002988,2988
B1002989,2989
B1002990,2990
B1002991,2991
B1002992,2992
B1002993,2993
B1002994,2994
B1002995,2995
B1002996,2996
B1002997,2997
B1002998,2998
B1002999,2999
B1003000,3000
B1003001,3001
B1003002,3002
B1003003,3003
B1003004,3004
B1003005,3005
B1003006,3006
B1003007,3007
B1003008,3008
B1003009,3009
B1003010,3010
B1003011,3011
B1003012,3012
B1003013,3013
B1003014,3014
B1003015,3015
B1003016,3016
B1003017,3017
B1003018,3018
B1003019,3019
B1003020,3020
B1003021,3021
B1003022,3022
B1003023,3023
B1003024,3024
B1003025,3025
B1003026,3026
B1003027,3027
B1003028,3028
B1003029,3029
B1003030,3030
B1003031,3031
B1003032,3032
B1003033,3033
B1003034,3034
B1003035,3035
B1003036,3036
B1003037,3037
B1003038,3038
B1003039,3039
B1003040,3040
B1003041,3041
B1003042,3042
B1003043,3043
B1003044,3044
B1003045,3045
B1003046,3046
B1003047,3047
B1003048,3048
B1003049,3049
B1003050,3050
B1003051,3051
B1003052,3052
B1003053,3053
B1003054,3054
B1003055,3055
B1003056,3056
B1003057,3057
B1003058,3058
B1003059,3059
B1003060,3060
B1003061,3061
B1003062,3062
B1003063,3063
B1003064,3064
B1003065,3065
B1003066,3066
B1003067,3067
B1003068,3068
B1003069,3069
B1003070,3070
B1003071,3071
B1003072,3072
B1003073,3073
B1003074,3074
B1003075,3075
B1003076,3076
B1003077,3077
B1003078,3078
B1003079,3079
B1003080,3080
B1003081,3081
B1003082,3082
B1003083,3083
B1003084,3084
B1003085,3085
B1003086,3086
B1003087,3087
B1003088,3088
B1003089,3089
B1003090,3090
B1003091,3091
B1003092,3092
B1003093,3093
B1003094,3094
B1003095,3095
B1003096,3096
B1003097,3097
B1003098,3098
B1003099,3099
B1003100,3100
B1003101,3101
B1003102,3102
B1003103,3103
B1003104,3104
B1003105,3105
B1003106,3106
B1003107,3107
B1003108,3108
B1003109,3109
B1003110,3110
B1003111,3111
B1003112,3112
B1003113,3113
B1003114,3114
B1003115,3115
B1003116,3116
B1003117,3117
B1003118,3118
B1003119,3119
B1003120,3120
B1003121,3121
B1003122,3122
B1003123,3123
B1003124,3124
B1003125,3125
B1003126,3126
B1003127,3127
B1003128,3128
B1003129,3129
B1003130,3130
B1003131,3131
B1003132,3132
B1003133,3133
B1003134,3134
B1003135,3135
B1003136,3136
B1003137,3137
B1003138,3138
B1003139,3139
B1003140,3140
B1003141,3141
B1003142,3142
B1003143,3143
B1003144,3144
B1003145,3145
B1003146,3146
B1003147,3147
B1003148,3148
B1003149,3149
B1003150,3150
B1003151,3151
B1003152,3152
B1003153,3153
B1003154,3154
B1003155,3155
B1003156,3156
B1003157,3157
B1003158,3158
B1003159,3159
B1003160,3160
B1003161,3161
B1003162,3162
B1003163,3163
B1003164,3164
B1003165,3165
B1003166,3166
B1003167,3167
B1003168,3168
B1003169,3169
B1003170,3170
B1003171,3171
B1003172,3172
B1003173,3173
B1003174,3174
B1003175,3175
B1003176,3176
B1003177,3177
B1003178,3178
B1003179,3179
B1003180,3180
B1003181,3181
B1003182,3182
B1003183,3183
B1003184,3184
B1003185,3185
B1003186,3186
B1003187,3187
B1003188,3188
B1003189,3189
B1003190,3190
B1003191,3191
B1003192,3192
B1003193,3193
B1003194,3194
B1003195,3195
B1003196,3196
B1003197,3197
B1003198,3198
B1003199,3199
B1003200,3200
B1003201,3201
B1003202,3202
B1003203,3203
B1003204,3204
B1003205,3205
B1003206,3206
B1003207,3207
B1003208,3208
B1003209,3209
B1003210,3210
B1003211,3211
B1003212,3212
B1003213,3213
B1003214,3214
B1003215,3215
B1003216,3216
B1003217,3217
B1003218,3218
B1003219,3219
B1003220,3220
B1003221,3221
B1003222,3222
B1003223,3223
B1003224,3224
B1003225,3225
B1003226,3226
B1003227,3227
B1003228,3228
B1003229,3229
B1003230,3230
B1003231,3231
B1003232,3232
B1003233,3233
B1003234,3234
B1003235,3235
B1003236,3236
B1003237,3237
B1003238,3238
B1003239,3239
B1003240,3240
B1003241,3241
B1003242,3242
B1003243,3243
B1003244,3244
B1003245,3245
B1003246,3246
B1003247,3247
B1003248,3248
B1003249,3249
B1003250,3250
B1003251,3251
B1003252,3252
B1003253,3253
B1003254,3254
B1003255,3255
B1003256,3256
B1003257,3257
B1003258,3258
B1003259,3259
B1003260,3260
B1003261,3261
B1003262,3262
B1003263,3263
B1003264,3264
B1003265,3265
B1003266,3266
B1003267,3267
B1003268,3268
B1003269,3269
B1003270,3270
B1003271,3271
B1003272,3272
B1003273,3273
B1003274,3274
B1003275,3275
B1003276,3276
B1003277,3277
B1003278,3278
B1003279,3279
B1003280,3280
B1003281,3281
B1003282,3282
B1003283,3283
B1003284,3284
B1003285,3285
B1003286,3286
B1003287,3287
B1003288,3288
B1003289,3289
B1003290,3290
B1003291,3291
B1003292,3292
B1003293,3293
B1003294,3294
B1003295,3295
B1003296,3296
B1003297,3297
B1003298,3298
B1003299,3299
B1003300,3300
B1003301,3301
B1003302,3302
B1003303,3303
B1003304,3304
B1003305,3305
B1003306,3306
B1003307,3307
B1003308,3308
B1003309,3309
B1003310,3310
B1003311,3311
B1003312,3312
B1003313,3313
B1003314,3314
B1003315,3315
B1003316,3316
B1003317,3317
B1003318,3318
B1003319,3319
B1003320,3320
B1003321,3321
B1003322,3322
B1003323,3323
B1003324,3324
B1003325,3325
B1003326,3326
B1003327,3327
B1003328,3328
B1003329,3329
B1003330,3330
B1003331,3331
B1003332,3332
B1003333,3333
B1003334,3334
B1003335,3335
B1003336,3336
B1003337,3337
B1003338,3338
B1003339,3339
B1003340,3340
B1003341,3341
B1003342,3342
B1003343,3343
B1003344,3344
B1003345,3345
B1003346,3346
B1003347,3347
B1003348,3348
B1003349,3349
B1003350,3350
B1003351,3351
B1003352,3352
B1003353,3353
B1003354,3354
B1003355,3355
B1003356,3356
B1003357,3357
B1003358,3358
B1003359,3359
B1003360,3360
B1003361,3361
B1003362,3362
B1003363,3363
B1003364,3364
B1003365,3365
B1003366,3366
B1003367,3367
B1003368,3368
B1003369,3369
B1003370,3370
B1003371,3371
B1003372,3372
B1003373,3373
B1003374,3374
B1003375,3375
B1003376,3376
B1003377,3377
B1003378,3378
B1003379,3379
B1003380,3380
B1003381,3381
B1003382,3382
B1003383,3383
B1003384,3384
B1003385,3385
B1003386,3386
B1003387,3387
B1003388,3388
B1003389,3389
B1003390,3390
B1003391,3391
B1003392,3392
B1003393,3393
B1003394,3394
B1003395,3395
B1003396,3396
B1003397,3397
B1003398,3398
B1003399,3399
B1003400,3400
B1003401,3401
B1003402,3402
B1003403,3403
B1003404,3404
B1003405,3405
B1003406,3406
B1003407,3407
B1003408,3408
B1003409,3409
B1003410,3410
B1003411,3411
B1003412,3412
B1003413,3413
B1003414,3414
B1003415,3415
B1003416,3416
B1003417,3417
B1003418,3418
B1003419,3419
B1003420,3420
B1003421,3421
B1003422,3422
B1003423,3423
B1003424,3424
B1003425,3425
B1003426,3426
B1003427,3427
B1003428,3428
B1003429,3429
B1003430,3430
B1003431,3431
B1003432,3432
B1003433,3433
B1003434,3434
B1003435,3435
B1003436,3436
B1003437,3437
B1003438,3438
B1003439,3439
B1003440,3440
B1003441,3441
B1003442,3442
B1003443,3443
B1003444,3444
B1003445,3445
B1003446,3446
B1003447,3447
B1003448,3448
B1003449,3449
B1003450,3450
B1003451,3451
B1003452,3452
B1003453,3453
B1003454,3454
B1003455,3455
B1003456,3456
B1003457,3457
B1003458,3458
B1003459,3459
B1003460,3460
B1003461,3461
B1003462,3462
B1003463,3463
B1003464,3464
B1003465,3465
B1003466,3466
B1003467,3467
B1003468,3468
B1003469,3469
B1003470,3470
B1003471,3471
B1003472,3472
B1003473,3473
B1003474,3474
B1003475,3475
B1003476,3476
B1003477,3477
B1003478,3478
B1003479,3479
B1003480,3480
B1003481,3481
B1003482,3482
B1003483,3483
B1003484,3484
B1003485,3485
B1003486,3486
B1003487,3487
B1003488,3488
B1003489,3489
B1003490,3490
B1003491,3491
B1003492,3492
B1003493,3493
B1003494,3494
B1003495,3495
B1003496,3496
B1003497,3497
B1003498,3498
B1003499,3499
B1003500,3500
B1003501,3501
B1003502,3502
B1003503,3503
B1003504,3504
B1003505,3505
B1003506,3506
B1003507,3507
B1003508,3508
B1003509,3509
B1003510,3510
B1003511,3511
B1003512,3512
B1003513,3513
B1003514,3514
B1003515,3515
B1003516,3516
B1003517,3517
B1003518,3518
B1003519,3519
B1003520,3520
B1003521,3521
B1003522,3522
B1003523,3523
B1003524,3524
B1003525,3525
B1003526,3526
B1003527,3527
B1003528,3528
B1003529,3529
B1003530,3530
B1003531,3531
B1003532,3532
B1003533,3533
B1003534,3534
B1003535,3535
B1003536,3536
B1003537,3537
B1003538,3538
B1003539,3539
B1003540,3540
B1003541,3541
B1003542,3542
B1003543,3543
B1003544,3544
B1003545,3545
B1003546,3546
B1003547,3547
B1003548,3548
B1003549,3549
B1003550,3550
B1003551,3551
B1003552,3552
B1003553,3553
B1003554,3554
B1003555,3555
B1003556,3556
B1003557,3557
B1003558,3558
B1003559,3559
B1003560,3560
B1003561,3561
B1003562,3562
B1003563,3563
B1003564,3564
B1003565,3565
B1003566,3566
B1003567,3567
B1003568,3568
B1003569,3569
B1003570,3570
B1003571,3571
B1003572,3572
B1003573,3573
B1003574,3574
B1003575,3575
B1003576,3576
B1003577,3577
B1003578,3578
B1003579,3579
B1003580,3580
B1003581,3581
B1003582,3582
B1003583,3583
B1003584,3584
B1003585,3585
B1003586,3586
B1003587,3587
B1003588,3588
B1003589,3589
B1003590,3590
B1003591,3591
B1003592,3592
B1003593,3593
B1003594,3594
B1003595,3595
B1003596,3596
B1003597,3597
B1003598,3598
B1003599,3599
B1003600,3600
B1003601,3601
B1003602,3602
B1003603,3603
B1003604,3604
B1003605,3605
B1003606,3606
B1003607,3607
B1003608,3608
B1003609,3609
B1003610,3610
B1003611,3611
B1003612,3612
B1003613,3613
B1003614,3614
B1003615,3615
B1003616,3616
B1003617,3617
B1003618,3618
B1003619,3619
B1003620,3620
B1003621,3621
B1003622,3622
B1003623,3623
B1003624,3624
B1003625,3625
B1003626,3626
B1003627,3627
B1003628,3628
B1003629,3629
B1003630,3630
B1003631,3631
B1003632,3632
B1003633,3633
B1003634,3634
B1003635,3635
B1003636,3636
B1003637,3637
B1003638,3638
B1003639,3639
B1003640,3640
B1003641,3641
B1003642,3642
B1003643,3643
B1003644,3644
B1003645,3645
B1003646,3646
B1003647,3647
B1003648,3648
B1003649,3649
B1003650,3650
B1003651,3651
B1003652,3652
B1003653,3653
B1003654,3654
B1003655,3655
B1003656,3656
B1003657,3657
B1003658,3658
B1003659,3659
B1003660,3660
B1003661,3661
B1003662,3662
B1003663,3663
B1003664,3664
B1003665,3665
B1003666,3666
B1003667,3667
B1003668,3668
B1003669,3669
B1003670,3670
B1003671,3671
B1003672,3672
B1003673,3673
B1003674,3674
B1003675,3675
B1003676,3676
B1003677,3677
B1003678,3678
B1003679,3679
B1003680,3680
B1003681,3681
B1003682,3682
B1003683,3683
B1003684,3684
B1003685,3685
B1003686,3686
B1003687,3687
B1003688,3688
B1003689,3689
B1003690,3690
B1003691,3691
B1003692,3692
B1003693,3693
B1003694,3694
B1003695,3695
B1003696,3696
B1003697,3697
B1003698,3698
B1003699,3699
B1003700,3700
B1003701,3701
B1003702,3702
B1003703,3703
B1003704,3704
B1003705,3705
B1003706,3706
B1003707,3707
B1003708,3708
B1003709,3709
B1003710,3710
B1003711,3711
B1003712,3712
B1003713,3713
B1003714,3714
B1003715,3715
B1003716,3716
B1003717,3717
B1003718,3718
B1003719,3719
B1003720,3720
B1003721,3721
B1003722,3722
B1003723,3723
B1003724,3724
B1003725,3725
B1003726,3726
B1003727,3727
B1003728,3728
B1003729,3729
B1003730,3730
B1003731,3731
B1003732,3732
B1003733,3733
B1003734,3734
B1003735,3735
B1003736,3736
B1003737,3737
B1003738,3738
B1003739,3739
B1003740,3740
B1003741,3741
B1003742,3742
B1003743,3743
B1003744,3744
B1003745,3745
B1003746,3746
B1003747,3747
B1003748,3748
B1003749,3749
B1003750,3750
B1003751,3751
B1003752,3752
B1003753,3753
B1003754,3754
B1003755,3755
B1003756,3756
B1003757,3757
B1003758,3758
B1003759,3759
B1003760,3760
B1003761,3761
B1003762,3762
B1003763,3763
B1003764,3764
B1003765,3765
B1003766,3766
B1003767,3767
B1003768,3768
B1003769,3769
B1003770,3770
B1003771,3771
B1003772,3772
B1003773,3773
B1003774,3774
B1003775,3775
B1003776,3776
B1003777,3777
B1003778,3778
B1003779,3779
B1003780,3780
B1003781,3781
B1003782,3782
B1003783,3783
B1003784,3784
B1003785,3785
B1003786,3786
B1003787,3787
B1003788,3788
B1003789,3789
B1003790,3790
B1003791,3791
B1003792,3792
B1003793,3793
B1003794,3794
B1003795,3795
B1003796,3796
B1003797,3797
B1003798,3798
B1003799,3799
B1003800,3800
B1003801,3801
B1003802,3802
B1003803,3803
B1003804,3804
B1003805,3805
B1003806,3806
B1003807,3807
B1003808,3808
B1003809,3809
B1003810,3810
B1003811,3811
B1003812,3812
B1003813,3813
B1003814,3814
B1003815,3815
B1003816,3816
B1003817,3817
B1003818,3818
B1003819,3819
B1003820,3820
B1003821,3821
B1003822,3822
B1003823,3823
B1003824,3824
B1003825,3825
B1003826,3826
B1003827,3827
B1003828,3828
B1003829,3829
B1003830,3830
B1003831,3831
B1003832,3832
B1003833,3833
B1003834,3834
B1003835,3835
B1003836,3836
B1003837,3837
B1003838,3838
B1003839,3839
B1003840,3840
B1003841,3841
B1003842,3842
B1003843,3843
B1003844,3844
B1003845,3845
B1003846,3846
B1003847,3847
B1003848,3848
B1003849,3849
B1003850,3850
B1003851,3851
B1003852,3852
B1003853,3853
B1003854,3854
B1003855,3855
B1003856,3856
B1003857,3857
B1003858,3858
B1003859,3859
B1003860,3860
B1003861,3861
B1003862,3862
B1003863,3863
B1003864,3864
B1003865,3865
B1003866,3866
B1003867,3867
B1003868,3868
B1003869,3869
B1003870,3870
B1003871,3871
B1003872,3872
B1003873,3873
B1003874,3874
B1003875,3875
B1003876,3876
B1003877,3877
B1003878,3878
B1003879,3879
B1003880,3880
B1003881,3881
B1003882,3882
B1003883,3883
B1003884,3884
B1003885,3885
B1003886,3886
B1003887,3887
B1003888,3888
B1003889,3889
B1003890,3890
B1003891,3891
B1003892,3892
B1003893,3893
B1003894,3894
B1003895,3895
B1003896,3896
B1003897,3897
B1003898,3898
B1003899,3899
B1003900,3900
B1003901,3901
B1003902,3902
B1003903,3903
B1003904,3904
B1003905,3905
B1003906,3906
B1003907,3907
B1003908,3908
B1003909,3909
B1003910,3910
B1003911,3911
B1003912,3912
B1003913,3913
B1003914,3914
B1003915,3915
B1003916,3916
B1003917,3917
B1003918,3918
B1003919,3919
B1003920,3920
B1003921,3921
B1003922,3922
B1003923,3923
B1003924,3924
B1003925,3925
B1003926,3926
B1003927,3927
B1003928,3928
B1003929,3929
B1003930,3930
B1003931,3931
B1003932,3932
B1003933,3933
B1003934,3934
B1003935,3935
B1003936,3936
B1003937,3937
B1003938,3938
B1003939,3939
B1003940,3940
B1003941,3941
B1003942,3942
B1003943,3943
B1003944,3944
B1003945,3945
B1003946,3946
B1003947,3947
B1003948,3948
B1003949,3949
B1003950,3950
B1003951,3951
B1003952,3952
B1003953,3953
B1003954,3954
B1003955,3955
B1003956,3956
B1003957,3957
B1003958,3958
B1003959,3959
B1003960,3960
B1003961,3961
B1003962,3962
B1003963,3963
B1003964,3964
B1003965,3965
B1003966,3966
B1003967,3967
B1003968,3968
B1003969,3969
B1003970,3970
B1003971,3971
B1003972,3972
B1003973,3973
B1003974,3974
B1003975,3975
B1003976,3976
B1003977,3977
B1003978,3978
B1003979,3979
B1003980,3980
B1003981,3981
B1003982,3982
B1003983,3983
B1003984,3984
B1003985,3985
B1003986,3986
B1003987,3987
B1003988,3988
B1003989,3989
B1003990,3990
B1003991,3991
B1003992,3992
B1003993,3993
B1003994,3994
B1003995,3995
B1003996,3996
B1003997,3997
B1003998,3998
B1003999,3999
B1004000,4000
B1004001,4001
B1004002,4002
B1004003,4003
B1004004,4004
B1004005,4005
B1004006,4006
B1004007,4007
B1004008,4008
B1004009,4009
B1004010,4010
B1004011,4011
B1004012,4012
B1004013,4013
B1004014,4014
B1004015,4015
B1004016,4016
B1004017,4017
B1004018,4018
B1004019,4019
B1004020,4020
B1004021,4021
B1004022,4022
B1004023,4023
B1004024,4024
B1004025,4025
B1004026,4026
B1004027,4027
B1004028,4028
B1004029,4029
B1004030,4030
B1004031,4031
B1004032,4032
B1004033,4033
B1004034,4034
B1004035,4035
B1004036,4036
B1004037,4037
B1004038,4038
B1004039,4039
B1004040,4040
B1004041,4041
B1004042,4042
B1004043,4043
B1004044,4044
B1004045,4045
B1004046,4046
B1004047,4047
B1004048,4048
B1004049,4049
B1004050,4050
B1004051,4051
B1004052,4052
B1004053,4053
B1004054,4054
B1004055,4055
B1004056,4056
B1004057,4057
B1004058,4058
B1004059,4059
B1004060,4060
B1004061,4061
B1004062,4062
B1004063,4063
B1004064,4064
B1004065,4065
B1004066,4066
B1004067,4067
B1004068,4068
B1004069,4069
B1004070,4070
B1004071,4071
B1004072,4072
B1004073,4073
B1004074,4074
B1004075,4075
B1004076,4076
B1004077,4077
B1004078,4078
B1004079,4079
B1004080,4080
B1004081,4081
B1004082,4082
B1004083,4083
B1004084,4084
B1004085,4085
B1004086,4086
B1004087,4087
B1004088,4088
B1004089,4089
B1004090,4090
B1004091,4091
B1004092,4092
B1004093,4093
B1004094,4094
B1004095,4095
B1004096,4096
B1004097,4097
B1004098,4098
B1004099,4099
B1004100,4100
B1004101,4101
B1004102,4102
B1004103,4103
B1004104,4104
B1004105,4105
B1004106,4106
B1004107,4107
B1004108,4108
B1004109,4109
B1004110,4110
B1004111,4111
B1004112,4112
B1004113,4113
B1004114,4114
B1004115,4115
B1004116,4116
B1004117,4117
B1004118,4118
B1004119,4119
B1004120,4120
B1004121,4121
B1004122,4122
B1004123,4123
B1004124,4124
B1004125,4125
B1004126,4126
B1004127,4127
B1004128,4128
B1004129,4129
B1004130,4130
B1004131,4131
B1004132,4132
B1004133,4133
B1004134,4134
B1004135,4135
B1004136,4136
B1004137,4137
B1004138,4138
B1004139,4139
B1004140,4140
B1004141,4141
B1004142,4142
B1004143,4143
B1004144,4144
B1004145,4145
B1004146,4146
B1004147,4147
B1004148,4148
B1004149,4149
B1004150,4150
B1004151,4151
B1004152,4152
B1004153,4153
B1004154,4154
B1004155,4155
B1004156,4156
B1004157,4157
B1004158,4158
B1004159,4159
B1004160,4160
B1004161,4161
B1004162,4162
B1004163,4163
B1004164,4164
B1004165,4165
B1004166,4166
B1004167,4167
B1004168,4168
B1004169,4169
B1004170,4170
B1004171,4171
B1004172,4172
B1004173,4173
B1004174,4174
B1004175,4175
B1004176,4176
B1004177,4177
B1004178,4178
B1004179,4179
B1004180,4180
B1004181,4181
B1004182,4182
B1004183,4183
B1004184,4184
B1004185,4185
B1004186,4186
B1004187,4187
B1004188,4188
B1004189,4189
B1004190,4190
B1004191,4191
B1004192,4192
B1004193,4193
B1004194,4194
B1004195,4195
B1004196,4196
B1004197,4197
B1004198,4198
B1004199,4199
B1004200,4200
B1004201,4201
B1004202,4202
B1004203,4203
B1004204,4204
B1004205,4205
B1004206,4206
B1004207,4207
B1004208,4208
B1004209,4209
B1004210,4210
B1004211,4211
B1004212,4212
B1004213,4213
B1004214,4214
B1004215,4215
B1004216,4216
B1004217,4217
B1004218,4218
B1004219,4219
B1004220,4220
B1004221,4221
B1004222,4222
B1004223,4223
B1004224,4224
B1004225,4225
B1004226,4226
B1004227,4227
B1004228,4228
B1004229,4229
B1004230,4230
B1004231,4231
B1004232,4232
B1004233,4233
B1004234,4234
B1004235,4235
B1004236,4236
B1004237,4237
B1004238,4238
B1004239,4239
B1004240,4240
B1004241,4241
B1004242,4242
B1004243,4243
B1004244,4244
B1004245,4245
B1004246,4246
B1004247,4247
B1004248,4248
B1004249,4249
B1004250,4250
B1004251,4251
B1004252,4252
B1004253,4253
B1004254,4254
B1004255,4255
B1004256,4256
B1004257,4257
B1004258,4258
B1004259,4259
B1004260,4260
B1004261,4261
B1004262,4262
B1004263,4263
B1004264,4264
B1004265,4265
B1004266,4266
B1004267,4267
B1004268,4268
B1004269,4269
B1004270,4270
B1004271,4271
B1004272,4272
B1004273,4273
B1004274,4274
B1004275,4275
B1004276,4276
B1004277,4277
B1004278,4278
B1004279,4279
B1004280,4280
B1004281,4281
B1004282,4282
B1004283,4283
B1004284,4284
B1004285,4285
B1004286,4286
B1004287,4287
B1004288,4288
B1004289,4289
B1004290,4290
B1004291,4291
B1004292,4292
B1004293,4293
B1004294,4294
B1004295,4295
B1004296,4296
B1004297,4297
B1004298,4298
B1004299,4299
B1004300,4300
B1004301,4301
B1004302,4302
B1004303,4303
B1004304,4304
B1004305,4305
B1004306,4306
B1004307,4307
B1004308,4308
B1004309,4309
B1004310,4310
B1004311,4311
B1004312,4312
B1004313,4313
B1004314,4314
B1004315,4315
B1004316,4316
B1004317,4317
B1004318,4318
B1004319,4319
B1004320,4320
B1004321,4321
B1004322,4322
B1004323,4323
B1004324,4324
B1004325,4325
B1004326,4326
B1004327,4327
B1004328,4328
B1004329,4329
B1004330,4330
B1004331,4331
B1004332,4332
B1004333,4333
B1004334,4334
B1004335,4335
B1004336,4336
B1004337,4337
B1004338,4338
B1004339,4339
B1004340,4340
B1004341,4341
B1004342,4342
B1004343,4343
B1004344,4344
B1004345,4345
B1004346,4346
B1004347,4347
B1004348,4348
B1004349,4349
B1004350,4350
B1004351,4351
B1004352,4352
B1004353,4353
B1004354,4354
B1004355,4355
B1004356,4356
B1004357,4357
B1004358,4358
B1004359,4359
B1004360,4360
B1004361,4361
B1004362,4362
B1004363,4363
B1004364,4364
B1004365,4365
B1004366,4366
B1004367,4367
B1004368,4368
B1004369,4369
B1004370,4370
B1004371,4371
B1004372,4372
B1004373,4373
B1004374,4374
B1004375,4375
B1004376,4376
B1004377,4377
B1004378,4378
B1004379,4379
B1004380,4380
B1004381,4381
B1004382,4382
B1004383,4383
B1004384,4384
B1004385,4385
B1004386,4386
B1004387,4387
B1004388,4388
B1004389,4389
B1004390,4390
B1004391,4391
B1004392,4392
B1004393,4393
B1004394,4394
B1004395,4395
B1004396,4396
B1004397,4397
B1004398,4398
B1004399,4399
B1004400,4400
B1004401,4401
B1004402,4402
B1004403,4403
B1004404,4404
B1004405,4405
B1004406,4406
B1004407,4407
B1004408,4408
B1004409,4409
B1004410,4410
B1004411,4411
B1004412,4412
B1004413,4413
B1004414,4414
B1004415,4415
B1004416,4416
B1004417,4417
B1004418,4418
B1004419,4419
B1004420,4420
B1004421,4421
B1004422,4422
B1004423,4423
B1004424,4424
B1004425,4425
B1004426,4426
B1004427,4427
B1004428,4428
B1004429,4429
B1004430,4430
B1004431,4431
B1004432,4432
B1004433,4433
B1004434,4434
B1004435,4435
B1004436,4436
B1004437,4437
B1004438,4438
B1004439,4439
B1004440,4440
B1004441,4441
B1004442,4442
B1004443,4443
B1004444,4444
B1004445,4445
B1004446,4446
B1004447,4447
B1004448,4448
B1004449,4449
B1004450,4450
B1004451,4451
B1004452,4452
B1004453,4453
B1004454,4454
B1004455,4455
B1004456,4456
B1004457,4457
B1004458,4458
B1004459,4459
B1004460,4460
B1004461,4461
B1004462,4462
B1004463,4463
B1004464,4464
B1004465,4465
B1004466,4466
B1004467,4467
B1004468,4468
B1004469,4469
B1004470,4470
B1004471,4471
B1004472,4472
B1004473,4473
B1004474,4474
B1004475,4475
B1004476,4476
B1004477,4477
B1004478,4478
B1004479,4479
B1004480,4480
B1004481,4481
B1004482,4482
B1004483,4483
B1004484,4484
B1004485,4485
B1004486,4486
B1004487,4487
B1004488,4488
B1004489,4489
B1004490,4490
B1004491,4491
B1004492,4492
B1004493,4493
B1004494,4494
B1004495,4495
B1004496,4496
B1004497,4497
B1004498,4498
B1004499,4499
B1004500,4500
B1004501,4501
B1004502,4502
B1004503,4503
B1004504,4504
B1004505,4505
B1004506,4506
B1004507,4507
B1004508,4508
B1004509,4509
B1004510,4510
B1004511,4511
B1004512,4512
B1004513,4513
B1004514,4514
B1004515,4515
B1004516,4516
B1004517,4517
B1004518,4518
B1004519,4519
B1004520,4520
B1004521,4521
B1004522,4522
B1004523,4523
B1004524,4524
B1004525,4525
B1004526,4526
B1004527,4527
B1004528,4528
B1004529,4529
B1004530,4530
B1004531,4531
B1004532,4532
B1004533,4533
B1004534,4534
B1004535,4535
B1004536,4536
B1004537,4537
B1004538,4538
B1004539,4539
B1004540,4540
B1004541,4541
B1004542,4542
B1004543,4543
B1004544,4544
B1004545,4545
B1004546,4546
B1004547,4547
B1004548,4548
B1004549,4549
B1004550,4550
B1004551,4551
B1004552,4552
B1004553,4553
B1004554,4554
B1004555,4555
B1004556,4556
B1004557,4557
B1004558,4558
B1004559,4559
B1004560,4560
B1004561,4561
B1004562,4562
B1004563,4563
B1004564,4564
B1004565,4565
B1004566,4566
B1004567,4567
B1004568,4568
B1004569,4569
B1004570,4570
B1004571,4571
B1004572,4572
B1004573,4573
B1004574,4574
B1004575,4575
B1004576,4576
B1004577,4577
B1004578,4578
B1004579,4579
B1004580,4580
B1004581,4581
B1004582,4582
B1004583,4583
B1004584,4584
B1004585,4585
B1004586,4586
B1004587,4587
B1004588,4588
B1004589,4589
B1004590,4590
B1004591,4591
B1004592,4592
B1004593,4593
B1004594,4594
B1004595,4595
B1004596,4596
B1004597,4597
B1004598,4598
B1004599,4599
B1004600,4600
B1004601,4601
B1004602,4602
B1004603,4603
B1004604,4604
B1004605,4605
B1004606,4606
B1004607,4607
B1004608,4608
B1004609,4609
B1004610,4610
B1004611,4611
B1004612,4612
B1004613,4613
B1004614,4614
B1004615,4615
B1004616,4616
B1004617,4617
B1004618,4618
B1004619,4619
B1004620,4620
B1004621,4621
B1004622,4622
B1004623,4623
B1004624,4624
B1004625,4625
B1004626,4626
B1004627,4627
B1004628,4628
B1004629,4629
B1004630,4630
B1004631,4631
B1004632,4632
B1004633,4633
B1004634,4634
B1004635,4635
B1004636,4636
B1004637,4637
B1004638,4638
B1004639,4639
B1004640,4640
B1004641,4641
B1004642,4642
B1004643,4643
B1004644,4644
B1004645,4645
B1004646,4646
B1004647,4647
B1004648,4648
B1004649,4649
B1004650,4650
B1004651,4651
B1004652,4652
B1004653,4653
B1004654,4654
B1004655,4655
B1004656,4656
B1004657,4657
B1004658,4658
B1004659,4659
B1004660,4660
B1004661,4661
B1004662,4662
B1004663,4663
B1004664,4664
B1004665,4665
B1004666,4666
B1004667,4667
B1004668,4668
B1004669,4669
B1004670,4670
B1004671,4671
B1004672,4672
B1004673,4673
B1004674,4674
B1004675,4675
B1004676,4676
B1004677,4677
B1004678,4678
B1004679,4679
B1004680,4680
B1004681,4681
B1004682,4682
B1004683,4683
B1004684,4684
B1004685,4685
B1004686,4686
B1004687,4687
B1004688,4688
B1004689,4689
B1004690,4690
B1004691,4691
B1004692,4692
B1004693,4693
B1004694,4694
B1004695,4695
B1004696,4696
B1004697,4697
B1004698,4698
B1004699,4699
B1004700,4700
B1004701,4701
B1004702,4702
B1004703,4703
B1004704,4704
B1004705,4705
B1004706,4706
B1004707,4707
B1004708,4708
B1004709,4709
B1004710,4710
B1004711,4711
B1004712,4712
B1004713,4713
B1004714,4714
B1004715,4715
B1004716,4716
B1004717,4717
B1004718,4718
B1004719,4719
B1004720,4720
B1004721,4721
B1004722,4722
B1004723,4723
B1004724,4724
B1004725,4725
B1004726,4726
B1004727,4727
B1004728,4728
B1004729,4729
B1004730,4730
B1004731,4731
B1004732,4732
B1004733,4733
B1004734,4734
B1004735,4735
B1004736,4736
B1004737,4737
B1004738,4738
B1004739,4739
B1004740,4740
B1004741,4741
B1004742,4742
B1004743,4743
B1004744,4744
B1004745,4745
B1004746,4746
B1004747,4747
B1004748,4748
B1004749,4749
B1004750,4750
B1004751,4751
B1004752,4752
B1004753,4753
B1004754,4754
B1004755,4755
B1004756,4756
B1004757,4757
B1004758,4758
B1004759,4759
B1004760,4760
B1004761,4761
B1004762,4762
B1004763,4763
B1004764,4764
B1004765,4765
B1004766,4766
B1004767,4767
B1004768,4768
B1004769,4769
B1004770,4770
B1004771,4771
B1004772,4772
B1004773,4773
B1004774,4774
B1004775,4775
B1004776,4776
B1004777,4777
B1004778,4778
B1004779,4779
B1004780,4780
B1004781,4781
B1004782,4782
B1004783,4783
B1004784,4784
B1004785,4785
B1004786,4786
B1004787,4787
B1004788,4788
B1004789,4789
B1004790,4790
B1004791,4791
B1004792,4792
B1004793,4793
B1004794,4794
B1004795,4795
B1004796,4796
B1004797,4797
B1004798,4798
B1004799,4799
B1004800,4800
B1004801,4801
B1004802,4802
B1004803,4803
B1004804,4804
B1004805,4805
B1004806,4806
B1004807,4807
B1004808,4808
B1004809,4809
B1004810,4810
B1004811,4811
B1004812,4812
B1004813,4813
B1004814,4814
B1004815,4815
B1004816,4816
B1004817,4817
B1004818,4818
B1004819,4819
B1004820,4820
B1004821,4821
B1004822,4822
B1004823,4823
B1004824,4824
B1004825,4825
B1004826,4826
B1004827,4827
B1004828,4828
B1004829,4829
B1004830,4830
B1004831,4831
B1004832,4832
B1004833,4833
B1004834,4834
B1004835,4835
B1004836,4836
B1004837,4837
B1004838,4838
B1004839,4839
B1004840,4840
B1004841,4841
B1004842,4842
B1004843,4843
B1004844,4844
B1004845,4845
B1004846,4846
B1004847,4847
B1004848,4848
B1004849,4849
B1004850,4850
B1004851,4851
B1004852,4852
B1004853,4853
B1004854,4854
B1004855,4855
B1004856,4856
B1004857,4857
B1004858,4858
B1004859,4859
B1004860,4860
B1004861,4861
B1004862,4862
B1004863,4863
B1004864,4864
B1004865,4865
B1004866,4866
B1004867,4867
B1004868,4868
B1004869,4869
B1004870,4870
B1004871,4871
B1004872,4872
B1004873,4873
B1004874,4874
B1004875,4875
B1004876,4876
B1004877,4877
B1004878,4878
B1004879,4879
B1004880,4880
B1004881,4881
B1004882,4882
B1004883,4883
B1004884,4884
B1004885,4885
B1004886,4886
B1004887,4887
B1004888,4888
B1004889,4889
B1004890,4890
B1004891,4891
B1004892,4892
B1004893,4893
B1004894,4894
B1004895,4895
B1004896,4896
B1004897,4897
B1004898,4898
B1004899,4899
B1004900,4900
B1004901,4901
B1004902,4902
B1004903,4903
B1004904,4904
B1004905,4905
B1004906,4906
B1004907,4907
B1004908,4908
B1004909,4909
B1004910,4910
B1004911,4911
B1004912,4912
B1004913,4913
B1004914,4914
B1004915,4915
B1004916,4916
B1004917,4917
B1004918,4918
B1004919,4919
B1004920,4920
B1004921,4921
B1004922,4922
B1004923,4923
B1004924,4924
B1004925,4925
B1004926,4926
B1004927,4927
B1004928,4928
B1004929,4929
B1004930,4930
B1004931,4931
B1004932,4932
B1004933,4933
B1004934,4934
B1004935,4935
B1004936,4936
B1004937,4937
B1004938,4938
B1004939,4939
B1004940,4940
B1004941,4941
B1004942,4942
B1004943,4943
B1004944,4944
B1004945,4945
B1004946,4946
B1004947,4947
B1004948,4948
B1004949,4949
B1004950,4950
B1004951,4951
B1004952,4952
B1004953,4953
B1004954,4954
B1004955,4955
B1004956,4956
B1004957,4957
B1004958,4958
B1004959,4959
B1004960,4960
B1004961,4961
B1004962,4962
B1004963,4963
B1004964,4964
B1004965,4965
B1004966,4966
B1004967,4967
B1004968,4968
B1004969,4969
B1004970,4970
B1004971,4971
B1004972,4972
B1004973,4973
B1004974,4974
B1004975,4975
B1004976,4976
B1004977,4977
B1004978,4978
B1004979,4979
B1004980,4980
B1004981,4981
B1004982,4982
B1004983,4983
B1004984,4984
B1004985,4985
B1004986,4986
B1004987,4987
B1004988,4988
B1004989,4989
B1004990,4990
B1004991,4991
B1004992,4992
B1004993,4993
B1004994,4994
B1004995,4995
B1004996,4996
B1004997,4997
B1004998,4998
B1004999,4999
