,user_idx
A571712,0
A316894,1
A104612,2
A737920,3
A847569,4
A417930,5
A415175,6
A345994,7
A332452,8
A851105,9
A210766,10
A147818,11
A379225,12
A463968,13
A581464,14
A454330,15
A694330,16
A349001,17
A445192,18
A129645,19
A472243,20
A949653,21
A779966,22
A908129,23
A963411,24
A290618,25
A883269,26
A855381,27
A718439,28
A264410,29
A774604,30
A995197,31
A286754,32
A954936,33
A863135,34
A463153,35
A984376,36
A272521,37
A456858,38
A156272,39
A724677,40
A567017,41
A992992,42
A299443,43
A775151,44
A749946,45
A155822,46
A218405,47
A346830,48
A807691,49
A608652,50
A800219,51
A655663,52
A653808,53
A131709,54
A949802,55
A293461,56
A772579,57
A877755,58
A954227,59
A532199,60
A441153,61
A452412,62
A191959,63
A915295,64
A578094,65
A958486,66
A645232,67
A796291,68
A238723,69
A853423,70
A126121,71
A696905,72
A980008,73
A577632,74
A123914,75
A982509,76
A935560,77
A987419,78
A404286,79
A512619,80
A477459,81
A631511,82
A351465,83
A824590,84
A933203,85
A141324,86
A557719,87
A531274,88
A168297,89
A158935,90
A522030,91
A119281,92
A351033,93
A958862,94
A768159,95
A570512,96
A537249,97
A622585,98
A246447,99
A395849,100
A375356,101
A745933,102
A933351,103
A712110,104
A513816,105
A823111,106
A684808,107
A218127,108
A547290,109
A196818,110
A691102,111
A393132,112
A286090,113
A120947,114
A618288,115
A283946,116
A562580,117
A870194,118
A244053,119
A437116,120
A132744,121
A562114,122
A236938,123
A355562,124
A344627,125
A548953,126
A917798,127
A362193,128
A662146,129
A904469,130
A985811,131
A912641,132
A102906,133
A811717,134
A277683,135
A805680,136
A935031,137
A741457,138
A872767,139
A582105,140
A896906,141
A583208,142
A489545,143
A273557,144
A231414,145
A317215,146
A955308,147
A532146,148
A200359,149
A803528,150
A909159,151
A210329,152
A879738,153
A515892,154
A110959,155
A993110,156
A102515,157
A702191,158
A189592,159
A266705,160
A166954,161
A672220,162
A390418,163
A334814,164
A646315,165
A194702,166
A877229,167
A153607,168
A949719,169
A917616,170
A864823,171
A254587,172
A532149,173
A254843,174
A561899,175
A654454,176
A747164,177
A466790,178
A830641,179
A483990,180
A823061,181
A466351,182
A652370,183
A106420,184
A320779,185
A114010,186
A879932,187
A542012,188
A998601,189
A252139,190
A821337,191
A831323,192
A515983,193
A176722,194
A625628,195
A576404,196
A502719,197
A341136,198
A287572,199
A612307,200
A941352,201
A795184,202
A356723,203
A162550,204
A841446,205
A571909,206
A100510,207
A686467,208
A243129,209
A700650,210
A627637,211
A404234,212
A564323,213
A990281,214
A463690,215
A556214,216
A988150,217
A822818,218
A529749,219
A233040,220
A792208,221
A918401,222
A577741,223
A367296,224
A984257,225
A883860,226
A548826,227
A418375,228
A563715,229
A391912,230
A272292,231
A242832,232
A465403,233
A510969,234
A855716,235
A768032,236
A163319,237
A670128,238
A597382,239
A790279,240
A470147,241
A427276,242
A733320,243
A376163,244
A260807,245
A112404,246
A333284,247
A435599,248
A519583,249
A313953,250
A309221,251
A167960,252
A230499,253
A680846,254
A983348,255
A697810,256
A458590,257
A472518,258
A603383,259
A961387,260
A966356,261
A732220,262
A758903,263
A108807,264
A245739,265
A496466,266
A431582,267
A444780,268
A448539,269
A744650,270
A581061,271
A785572,272
A373673,273
A740392,274
A622154,275
A518655,276
A377839,277
A607667,278
A133847,279
A465871,280
A453457,281
A401256,282
A348076,283
A462555,284
A253806,285
A203573,286
A809722,287
A407589,288
A966689,289
A606401,290
A310457,291
A467313,292
A437700,293
A356208,294
A684497,295
A617829,296
A296720,297
A418348,298
A907535,299
A653733,300
A293677,301
A143181,302
A186415,303
A178119,304
A357494,305
A663970,306
A622994,307
A717694,308
A384257,309
A142413,310
A404349,311
A698858,312
A105768,313
A371870,314
A851109,315
A316681,316
A965720,317
A563467,318
A358722,319
A988471,320
A258510,321
A660574,322
A541737,323
A321192,324
A464538,325
A446689,326
A472211,327
A739898,328
A963448,329
A110273,330
A887525,331
A171549,332
A627386,333
A429863,334
A112648,335
A132820,336
A429314,337
A178915,338
A531366,339
A784762,340
A685810,341
A297093,342
A633367,343
A267298,344
A497165,345
A364771,346
A656308,347
A423864,348
A338613,349
A637323,350
A375148,351
A338937,352
A639130,353
A130229,354
A774593,355
A149718,356
A635502,357
A529799,358
A928288,359
A166375,360
A455844,361
A813373,362
A102783,363
A118334,364
A449505,365
A804303,366
A778556,367
A705814,368
A716978,369
A634300,370
A579985,371
A597649,372
A911616,373
A963406,374
A809962,375
A201353,376
A110777,377
A349849,378
A273220,379
A721285,380
A698873,381
A986087,382
A778449,383
A907333,384
A622006,385
A634682,386
A124130,387
A160666,388
A546406,389
A773783,390
A798729,391
A687121,392
A432418,393
A335212,394
A499550,395
A297939,396
A666512,397
A238941,398
A411775,399
A484538,400
A236373,401
A292265,402
A225351,403
A307358,404
A902668,405
A194363,406
A909897,407
A762406,408
A880070,409
A704774,410
A541796,411
A918276,412
A223125,413
A445322,414
A931466,415
A916753,416
A652114,417
A712121,418
A995241,419
A805703,420
A176018,421
A612050,422
A917797,423
A666449,424
A318303,425
A106528,426
A541677,427
A880268,428
A469057,429
A266886,430
A573442,431
A696092,432
A286217,433
A211102,434
A676356,435
A998695,436
A149118,437
A230067,438
A721874,439
A272452,440
A676693,441
A299121,442
A393104,443
A488024,444
A370185,445
A601161,446
A516670,447
A569864,448
A108297,449
A252546,450
A954545,451
A276620,452
A709689,453
A960610,454
A905690,455
A225674,456
A418147,457
A979880,458
A861678,459
A298181,460
A464187,461
A342959,462
A502222,463
A750329,464
A447088,465
A440522,466
A802940,467
A347682,468
A367779,469
A781133,470
A473093,471
A354116,472
A902416,473
A186121,474
A212604,475
A304524,476
A591854,477
A485164,478
A341299,479
A592496,480
A118221,481
A200902,482
A256031,483
A396279,484
A341104,485
A755785,486
A798508,487
A574883,488
A662579,489
A764285,490
A597369,491
A641247,492
A906473,493
A195154,494
A513727,495
A407963,496
A192448,497
A825510,498
A463155,499
A667582,500
A262021,501
A290787,502
A169215,503
A844011,504
A123711,505
A924445,506
A427438,507
A408293,508
A491407,509
A397135,510
A727861,511
A197724,512
A519699,513
A120311,514
A300294,515
A637246,516
A762338,517
A143820,518
A582725,519
A312187,520
A657520,521
A832119,522
A169766,523
A161869,524
A898673,525
A501049,526
A583898,527
A461537,528
A321562,529
A941985,530
A187806,531
A591960,532
A220285,533
A450719,534
A137562,535
A867038,536
A729848,537
A714103,538
A405128,539
A539722,540
A378939,541
A173901,542
A780722,543
A603853,544
A522223,545
A699059,546
A312773,547
A756410,548
A491850,549
A601335,550
A315983,551
A319386,552
A287857,553
A862958,554
A516162,555
A917107,556
A335820,557
A607682,558
A144210,559
A317309,560
A862019,561
A404993,562
A575003,563
A340138,564
A999169,565
A786337,566
A990662,567
A535031,568
A892658,569
A971466,570
A474225,571
A836120,572
A894043,573
A437731,574
A687728,575
A151257,576
A915715,577
A402197,578
A338500,579
A820989,580
A150314,581
A490037,582
A754438,583
A180768,584
A400176,585
A761630,586
A839592,587
A811194,588
A912975,589
A532813,590
A970194,591
A489463,592
A227404,593
A766667,594
A783680,595
A383546,596
A115602,597
A700067,598
A649228,599
A101624,600
A283543,601
A925495,602
A706496,603
A223279,604
A800450,605
A784395,606
A970941,607
A870074,608
A351355,609
A513644,610
A154985,611
A766343,612
A919970,613
A353304,614
A554341,615
A707925,616
A754712,617
A906782,618
A659699,619
A873711,620
A812174,621
A326461,622
A438209,623
A748726,624
A595280,625
A615139,626
A106260,627
A475969,628
A705065,629
A678895,630
A980759,631
A286977,632
A485896,633
A467768,634
A474207,635
A717730,636
A883930,637
A762527,638
A617170,639
A908861,640
A258828,641
A248076,642
A747520,643
A790906,644
A886115,645
A855306,646
A752421,647
A755387,648
A543201,649
A291477,650
A557813,651
A405573,652
A469838,653
A101696,654
A207369,655
A425781,656
A276019,657
A166097,658
A833282,659
A804823,660
A168482,661
A146391,662
A261751,663
A922930,664
A283570,665
A541925,666
A420113,667
A864963,668
A618169,669
A287860,670
A942246,671
A257695,672
A961208,673
A716125,674
A544214,675
A978758,676
A453717,677
A102427,678
A408674,679
A259121,680
A770093,681
A365004,682
A636337,683
A808686,684
A218446,685
A134842,686
A747201,687
A392284,688
A619884,689
A897531,690
A914908,691
A881728,692
A632643,693
A221458,694
A889351,695
A775727,696
A215695,697
A851053,698
A391920,699
A497671,700
A786584,701
A698057,702
A829720,703
A639615,704
A722315,705
A913705,706
A463547,707
A407625,708
A991686,709
A903853,710
A817444,711
A368304,712
A933289,713
A750411,714
A407103,715
A216208,716
A200817,717
A927892,718
A785748,719
A894479,720
A567861,721
A546198,722
A857134,723
A523913,724
A556319,725
A782615,726
A980161,727
A166487,728
A231382,729
A880248,730
A132447,731
A341024,732
A489222,733
A468003,734
A120065,735
A479621,736
A709308,737
A771603,738
A973319,739
A788885,740
A361902,741
A749212,742
A203226,743
A383543,744
A651068,745
A485569,746
A492843,747
A334572,748
A926071,749
A582808,750
A379497,751
A631478,752
A141488,753
A424764,754
A349183,755
A259975,756
A971347,757
A230743,758
A684008,759
A745963,760
A731210,761
A685412,762
A869240,763
A190171,764
A231608,765
A115474,766
A477387,767
A537256,768
A134982,769
A921955,770
A203051,771
A887333,772
A740493,773
A250207,774
A441225,775
A369252,776
A377560,777
A104451,778
A627370,779
A435468,780
A671284,781
A785213,782
A437910,783
A911722,784
A559917,785
A142849,786
A234826,787
A626976,788
A666345,789
A232808,790
A442623,791
A507422,792
A411880,793
A827510,794
A224377,795
A537122,796
A110760,797
A846295,798
A519577,799
A628469,800
A741522,801
A990900,802
A712024,803
A858626,804
A975762,805
A372803,806
A997785,807
A714078,808
A580240,809
A750856,810
A519458,811
A466228,812
A979029,813
A590381,814
A721592,815
A518926,816
A308611,817
A298076,818
A277875,819
A995271,820
A850187,821
A311274,822
A693383,823
A244490,824
A355029,825
A565717,826
A306760,827
A437422,828
A934133,829
A951907,830
A163648,831
A296923,832
A545019,833
A391117,834
A479031,835
A786806,836
A489542,837
A376580,838
A447112,839
A504119,840
A292931,841
A321155,842
A944428,843
A646625,844
A451915,845
A868365,846
A716945,847
A673032,848
A132951,849
A948121,850
A169841,851
A966472,852
A546220,853
A536845,854
A634380,855
A407216,856
A898860,857
A936473,858
A307064,859
A537379,860
A565533,861
A510817,862
A990471,863
A518583,864
A473617,865
A537798,866
A531556,867
A499013,868
A241699,869
A284130,870
A149399,871
A752585,872
A203779,873
A750617,874
A543135,875
A554074,876
A993523,877
A158917,878
A226717,879
A580510,880
A199756,881
A625036,882
A803186,883
A392636,884
A389931,885
A862149,886
A385702,887
A235983,888
A994161,889
A349845,890
A636487,891
A155198,892
A530691,893
A584583,894
A798961,895
A984330,896
A122199,897
A135271,898
A421021,899
A738458,900
A935344,901
A439699,902
A696685,903
A179719,904
A420380,905
A221673,906
A209623,907
A903186,908
A284748,909
A891481,910
A324125,911
A682589,912
A152071,913
A114226,914
A701983,915
A684441,916
A445765,917
A394546,918
A992290,919
A289432,920
A632176,921
A707305,922
A196797,923
A609634,924
A554841,925
A909514,926
A564771,927
A600406,928
A715348,929
A294383,930
A728523,931
A243919,932
A872105,933
A290530,934
A145434,935
A814540,936
A576482,937
A507235,938
A425396,939
A538090,940
A260110,941
A381975,942
A483909,943
A487524,944
A778097,945
A386816,946
A313168,947
A113781,948
A151667,949
A232973,950
A122423,951
A966562,952
A292779,953
A978841,954
A285426,955
A765945,956
A888205,957
A733992,958
A941674,959
A619277,960
A882633,961
A826962,962
A370240,963
A987453,964
A874464,965
A945654,966
A121665,967
A123511,968
A697512,969
A602574,970
A187563,971
A667226,972
A380590,973
A458249,974
A178609,975
A813021,976
A843318,977
A940149,978
A837019,979
A334474,980
A679154,981
A248292,982
A874546,983
A484378,984
A997177,985
A959762,986
A418396,987
A103244,988
A647656,989
A409002,990
A323886,991
A808801,992
A617477,993
A102073,994
A479527,995
A159168,996
A100740,997
A479694,998
A378588,999
A794205,1000
A658285,1001
A350764,1002
A736123,1003
A441914,1004
A299587,1005
A510657,1006
A229009,1007
A781805,1008
A489239,1009
A782955,1010
A711029,1011
A861068,1012
A713453,1013
A715383,1014
A667477,1015
A494314,1016
A272423,1017
A620218,1018
A763169,1019
A380084,1020
A570987,1021
A296432,1022
A279444,1023
A629399,1024
A358347,1025
A712749,1026
A931560,1027
A822321,1028
A139505,1029
A641418,1030
A684969,1031
A595259,1032
A115460,1033
A898976,1034
A951157,1035
A377301,1036
A717757,1037
A291672,1038
A839531,1039
A176237,1040
A865251,1041
A302523,1042
A334805,1043
A559800,1044
A806005,1045
A196737,1046
A891938,1047
A551951,1048
A555337,1049
A896850,1050
A947853,1051
A565199,1052
A233348,1053
A358423,1054
A136054,1055
A667598,1056
A447036,1057
A350807,1058
A296751,1059
A432594,1060
A214453,1061
A353009,1062
A617965,1063
A557439,1064
A845143,1065
A125005,1066
A915049,1067
A848141,1068
A444275,1069
A141403,1070
A457929,1071
A174500,1072
A623491,1073
A341975,1074
A182148,1075
A480833,1076
A561963,1077
A642192,1078
A153067,1079
A122640,1080
A672373,1081
A601068,1082
A111433,1083
A180248,1084
A709622,1085
A626217,1086
A276366,1087
A950784,1088
A121872,1089
A385300,1090
A271113,1091
A880428,1092
A662645,1093
A266335,1094
A711862,1095
A709699,1096
A107088,1097
A104394,1098
A752361,1099
A157595,1100
A109984,1101
A809516,1102
A454932,1103
A846221,1104
A437262,1105
A373018,1106
A358824,1107
A952925,1108
A598858,1109
A198274,1110
A428944,1111
A311461,1112
A415065,1113
A779288,1114
A647734,1115
A546476,1116
A259492,1117
A635327,1118
A931203,1119
A150546,1120
A127516,1121
A873909,1122
A694070,1123
A860830,1124
A652611,1125
A273834,1126
A934704,1127
A540329,1128
A282002,1129
A862879,1130
A638454,1131
A709721,1132
A758400,1133
A132879,1134
A366638,1135
A816238,1136
A523688,1137
A840381,1138
A572052,1139
A405917,1140
A798105,1141
A137790,1142
A542792,1143
A396572,1144
A457409,1145
A350502,1146
A925290,1147
A812777,1148
A608142,1149
A173175,1150
A490664,1151
A724876,1152
A294281,1153
A531619,1154
A122827,1155
A797357,1156
A151801,1157
A318796,1158
A261958,1159
A212564,1160
A402490,1161
A415008,1162
A298405,1163
A149698,1164
A724934,1165
A487097,1166
A213425,1167
A945882,1168
A180505,1169
A435326,1170
A745506,1171
A991673,1172
A314334,1173
A824474,1174
A123066,1175
A248647,1176
A848056,1177
A372894,1178
A129020,1179
A151294,1180
A744277,1181
A942925,1182
A132912,1183
A227154,1184
A692831,1185
A417291,1186
A766448,1187
A224728,1188
A738151,1189
A866280,1190
A963612,1191
A217077,1192
A378271,1193
A657753,1194
A554667,1195
A492838,1196
A725775,1197
A383322,1198
A506831,1199
A519549,1200
A116641,1201
A576259,1202
A125896,1203
A932539,1204
A940802,1205
A988149,1206
A196007,1207
A717880,1208
A616907,1209
A320599,1210
A896363,1211
A442768,1212
A891853,1213
A842757,1214
A525531,1215
A813569,1216
A428925,1217
A908488,1218
A383303,1219
A855583,1220
A227989,1221
A173392,1222
A984972,1223
A999034,1224
A287303,1225
A754311,1226
A998666,1227
A534154,1228
A856182,1229
A282028,1230
A521755,1231
A168532,1232
A861922,1233
A987718,1234
A842434,1235
A237776,1236
A376431,1237
A368938,1238
A879645,1239
A855726,1240
A853413,1241
A991339,1242
A390501,1243
A721781,1244
A872618,1245
A137754,1246
A815696,1247
A604594,1248
A148571,1249
A673114,1250
A154994,1251
A266299,1252
A875239,1253
A281578,1254
A815529,1255
A203837,1256
A745925,1257
A544351,1258
A199641,1259
A388362,1260
A946873,1261
A809906,1262
A589064,1263
A213103,1264
A619656,1265
A202781,1266
A369219,1267
A178131,1268
A444831,1269
A622085,1270
A694413,1271
A204163,1272
A585551,1273
A685245,1274
A871122,1275
A355679,1276
A451409,1277
A502993,1278
A202349,1279
A148304,1280
A825259,1281
A342394,1282
A953457,1283
A472764,1284
A322851,1285
A838064,1286
A881776,1287
A851148,1288
A392695,1289
A546010,1290
A224275,1291
A497956,1292
A846135,1293
A985420,1294
A747179,1295
A300953,1296
A646675,1297
A731980,1298
A699162,1299
A762745,1300
A254747,1301
A229283,1302
A114782,1303
A674408,1304
A370371,1305
A470812,1306
A575688,1307
A599934,1308
A398534,1309
A779340,1310
A501309,1311
A460341,1312
A141722,1313
A583798,1314
A173218,1315
A960412,1316
A765490,1317
A349441,1318
A162735,1319
A624703,1320
A773670,1321
A264163,1322
A242394,1323
A903417,1324
A515981,1325
A851985,1326
A931208,1327
A553769,1328
A168171,1329
A350385,1330
A733228,1331
A730647,1332
A501370,1333
A320105,1334
A286538,1335
A758106,1336
A570997,1337
A621149,1338
A347246,1339
A428696,1340
A510068,1341
A867502,1342
A496330,1343
A983909,1344
A994475,1345
A680472,1346
A140098,1347
A244649,1348
A901575,1349
A861533,1350
A237144,1351
A945639,1352
A212988,1353
A985274,1354
A322262,1355
A324308,1356
A700718,1357
A858279,1358
A593486,1359
A882679,1360
A254905,1361
A761639,1362
A589919,1363
A671132,1364
A926907,1365
A744874,1366
A841762,1367
A759869,1368
A575461,1369
A701232,1370
A441031,1371
A572696,1372
A895587,1373
A641230,1374
A369646,1375
A465163,1376
A469064,1377
A159288,1378
A932379,1379
A382196,1380
A114605,1381
A448429,1382
A871457,1383
A121335,1384
A483835,1385
A935651,1386
A115446,1387
A117022,1388
A689442,1389
A406718,1390
A481174,1391
A968575,1392
A664847,1393
A563899,1394
A987440,1395
A770619,1396
A692872,1397
A621344,1398
A824017,1399
A360483,1400
A946191,1401
A491801,1402
A357979,1403
A275469,1404
A963565,1405
A609414,1406
A452339,1407
A915367,1408
A560270,1409
A612405,1410
A704359,1411
A528254,1412
A832624,1413
A976352,1414
A173146,1415
A151471,1416
A934124,1417
A848277,1418
A402723,1419
A996923,1420
A933431,1421
A100765,1422
A282732,1423
A664960,1424
A119324,1425
A948847,1426
A273777,1427
A998953,1428
A511291,1429
A900361,1430
A840415,1431
A222887,1432
A302138,1433
A130137,1434
A465961,1435
A385393,1436
A230624,1437
A699668,1438
A753038,1439
A927965,1440
A359158,1441
A181067,1442
A727913,1443
A839825,1444
A544541,1445
A916993,1446
A178241,1447
A246488,1448
A773963,1449
A943530,1450
A402163,1451
A320551,1452
A533456,1453
A940570,1454
A248912,1455
A931900,1456
A664224,1457
A215236,1458
A812206,1459
A489409,1460
A244006,1461
A870731,1462
A285588,1463
A987730,1464
A830439,1465
A858783,1466
A555334,1467
A799626,1468
A936147,1469
A225825,1470
A953006,1471
A650511,1472
A845521,1473
A560450,1474
A598282,1475
A819952,1476
A327437,1477
A693384,1478
A442127,1479
A610130,1480
A741609,1481
A317419,1482
A679515,1483
A143079,1484
A389143,1485
A425370,1486
A418725,1487
A626181,1488
A535371,1489
A685159,1490
A436997,1491
A160506,1492
A775733,1493
A764135,1494
A648201,1495
A292058,1496
A913057,1497
A731856,1498
A125201,1499
A575217,1500
A430989,1501
A887175,1502
A112970,1503
A127818,1504
A341219,1505
A738102,1506
A490955,1507
A775041,1508
A117926,1509
A123806,1510
A861096,1511
A434769,1512
A500018,1513
A676058,1514
A867647,1515
A785097,1516
A999436,1517
A759943,1518
A406057,1519
A838525,1520
A796500,1521
A704323,1522
A947103,1523
A917529,1524
A764479,1525
A879288,1526
A733629,1527
A667789,1528
A822039,1529
A589382,1530
A428637,1531
A397265,1532
A801261,1533
A310032,1534
A146081,1535
A208113,1536
A517449,1537
A823525,1538
A108284,1539
A754379,1540
A643980,1541
A201590,1542
A362113,1543
A345122,1544
A598789,1545
A524149,1546
A331151,1547
A348566,1548
A189904,1549
A701830,1550
A535391,1551
A801859,1552
A736653,1553
A571157,1554
A921105,1555
A314329,1556
A985741,1557
A129814,1558
A349286,1559
A151660,1560
A376938,1561
A965500,1562
A817990,1563
A738937,1564
A372604,1565
A801685,1566
A270234,1567
A999576,1568
A487533,1569
A241421,1570
A310990,1571
A105810,1572
A548519,1573
A876543,1574
A980567,1575
A602637,1576
A410541,1577
A621300,1578
A784267,1579
A459382,1580
A929563,1581
A806843,1582
A977476,1583
A631778,1584
A318157,1585
A106221,1586
A444300,1587
A926807,1588
A695696,1589
A146364,1590
A105256,1591
A994205,1592
A590875,1593
A809800,1594
A738655,1595
A678337,1596
A959382,1597
A801848,1598
A201300,1599
A400935,1600
A920236,1601
A286028,1602
A492763,1603
A980926,1604
A796493,1605
A557341,1606
A790422,1607
A962442,1608
A613780,1609
A716949,1610
A646254,1611
A221533,1612
A339300,1613
A891984,1614
A123290,1615
A304615,1616
A953825,1617
A668481,1618
A125439,1619
A399012,1620
A422919,1621
A464383,1622
A508419,1623
A463990,1624
A993295,1625
A379830,1626
A440966,1627
A330680,1628
A846151,1629
A918225,1630
A702854,1631
A743813,1632
A944828,1633
A929182,1634
A762065,1635
A369099,1636
A559441,1637
A560143,1638
A188864,1639
A590303,1640
A794357,1641
A967945,1642
A605763,1643
A650120,1644
A293173,1645
A310082,1646
A445369,1647
A772415,1648
A520000,1649
A854722,1650
A855578,1651
A447109,1652
A343190,1653
A986513,1654
A969895,1655
A342524,1656
A143898,1657
A874554,1658
A690602,1659
A915085,1660
A638283,1661
A323091,1662
A280743,1663
A197704,1664
A490299,1665
A170952,1666
A198773,1667
A533923,1668
A130051,1669
A960990,1670
A432942,1671
A915794,1672
A223621,1673
A562454,1674
A395425,1675
A266469,1676
A101599,1677
A322100,1678
A463378,1679
A388950,1680
A989755,1681
A121601,1682
A397638,1683
A826812,1684
A360450,1685
A887592,1686
A877451,1687
A139695,1688
A979473,1689
A306529,1690
A161533,1691
A392467,1692
A282345,1693
A677553,1694
A723648,1695
A891795,1696
A186984,1697
A184662,1698
A267819,1699
A795212,1700
A236315,1701
A908697,1702
A452230,1703
A785558,1704
A422183,1705
A271956,1706
A280236,1707
A631056,1708
A730047,1709
A885638,1710
A633726,1711
A508243,1712
A564703,1713
A927534,1714
A460448,1715
A544969,1716
A366224,1717
A334580,1718
A778280,1719
A879442,1720
A832326,1721
A931782,1722
A343056,1723
A409057,1724
A190040,1725
A974171,1726
A959507,1727
A970622,1728
A834295,1729
A664139,1730
A215447,1731
A690328,1732
A990824,1733
A956244,1734
A934051,1735
A248864,1736
A149791,1737
A411069,1738
A102186,1739
A357819,1740
A325222,1741
A292306,1742
A933657,1743
A942935,1744
A897627,1745
A718677,1746
A807491,1747
A336832,1748
A226737,1749
A714863,1750
A219971,1751
A464924,1752
A452151,1753
A132780,1754
A306756,1755
A234270,1756
A634196,1757
A728967,1758
A873093,1759
A920332,1760
A151473,1761
A638221,1762
A849441,1763
A548118,1764
A269864,1765
A202612,1766
A835189,1767
A778744,1768
A847472,1769
A806044,1770
A926786,1771
A599979,1772
A994988,1773
A352926,1774
A904234,1775
A468610,1776
A175659,1777
A685818,1778
A372239,1779
A749050,1780
A802351,1781
A598046,1782
A954201,1783
A739734,1784
A529720,1785
A303240,1786
A368741,1787
A356842,1788
A981821,1789
A225618,1790
A359231,1791
A343745,1792
A358868,1793
A477081,1794
A872511,1795
A388612,1796
A949669,1797
A206336,1798
A576222,1799
A866451,1800
A428004,1801
A976987,1802
A212983,1803
A702540,1804
A262219,1805
A342707,1806
A351386,1807
A768689,1808
A815422,1809
A342053,1810
A662610,1811
A790797,1812
A199726,1813
A726299,1814
A304160,1815
A221237,1816
A730362,1817
A946845,1818
A429134,1819
A303648,1820
A345355,1821
A934099,1822
A427977,1823
A373240,1824
A885373,1825
A517286,1826
A391654,1827
A851803,1828
A935989,1829
A406564,1830
A942179,1831
A788160,1832
A882447,1833
A555674,1834
A589343,1835
A191606,1836
A593891,1837
A215612,1838
A100038,1839
A755088,1840
A370453,1841
A264512,1842
A866038,1843
A537943,1844
A928751,1845
A138345,1846
A641826,1847
A246209,1848
A576660,1849
A831084,1850
A511886,1851
A532190,1852
A585676,1853
A518895,1854
A502419,1855
A598655,1856
A782473,1857
A780003,1858
A297528,1859
A469662,1860
A964109,1861
A225366,1862
A277733,1863
A467608,1864
A662868,1865
A209298,1866
A672582,1867
A834759,1868
A596899,1869
A923978,1870
A931508,1871
A330335,1872
A962497,1873
A729968,1874
A736330,1875
A586178,1876
A234072,1877
A611918,1878
A326369,1879
A987579,1880
A485812,1881
A856877,1882
A698805,1883
A224496,1884
A115734,1885
A176302,1886
A929300,1887
A103584,1888
A146813,1889
A312454,1890
A793175,1891
A443504,1892
A866897,1893
A503827,1894
A387265,1895
A630641,1896
A683320,1897
A579136,1898
A822991,1899
A863721,1900
A972371,1901
A952572,1902
A736868,1903
A259855,1904
A654559,1905
A866870,1906
A525284,1907
A213276,1908
A104241,1909
A598988,1910
A733627,1911
A718694,1912
A573318,1913
A593088,1914
A660452,1915
A768636,1916
A441754,1917
A875053,1918
A347464,1919
A282094,1920
A474279,1921
A143313,1922
A202297,1923
A673858,1924
A565702,1925
A698598,1926
A906153,1927
A993576,1928
A199910,1929
A257712,1930
A761108,1931
A687131,1932
A134191,1933
A581746,1934
A195084,1935
A642018,1936
A677239,1937
A928126,1938
A183111,1939
A376582,1940
A466667,1941
A812004,1942
A121275,1943
A770887,1944
A781251,1945
A254936,1946
A108197,1947
A414262,1948
A726138,1949
A671016,1950
A886377,1951
A985646,1952
A919744,1953
A957019,1954
A577360,1955
A977298,1956
A543933,1957
A946160,1958
A211479,1959
A972824,1960
A238358,1961
A817179,1962
A118431,1963
A460649,1964
A196033,1965
A854418,1966
A563244,1967
A693976,1968
A978679,1969
A144863,1970
A507136,1971
A396870,1972
A426379,1973
A506482,1974
A412379,1975
A954392,1976
A603405,1977
A324134,1978
A165630,1979
A582110,1980
A705320,1981
A168088,1982
A624418,1983
A397320,1984
A577028,1985
A485873,1986
A898212,1987
A853332,1988
A325599,1989
A681013,1990
A925924,1991
A521403,1992
A730440,1993
A950731,1994
A727840,1995
A498237,1996
A522803,1997
A375034,1998
A688002,1999
A910405,2000
A969488,2001
A288908,2002
A799051,2003
A593691,2004
A335647,2005
A329616,2006
A905993,2007
A760977,2008
A774469,2009
A948945,2010
A737723,2011
A645044,2012
A183455,2013
A146932,2014
A932929,2015
A680785,2016
A103039,2017
A172489,2018
A718489,2019
A477370,2020
A489214,2021
A207731,2022
A102011,2023
A698029,2024
A656581,2025
A781081,2026
A101380,2027
A461388,2028
A590068,2029
A465241,2030
A226661,2031
A799401,2032
A414700,2033
A295350,2034
A593610,2035
A310998,2036
A185269,2037
A846762,2038
A637556,2039
A128525,2040
A746135,2041
A424509,2042
A431129,2043
A115423,2044
A497555,2045
A802831,2046
A575653,2047
A815481,2048
A783509,2049
A519937,2050
A874474,2051
A322976,2052
A247395,2053
A639146,2054
A575533,2055
A246665,2056
A309191,2057
A806327,2058
A153190,2059
A216387,2060
A441640,2061
A704995,2062
A117408,2063
A603672,2064
A968622,2065
A327564,2066
A467129,2067
A483230,2068
A326846,2069
A311898,2070
A568440,2071
A545791,2072
A210309,2073
A773218,2074
A725431,2075
A798175,2076
A885711,2077
A833112,2078
A266776,2079
A322516,2080
A830234,2081
A359365,2082
A271624,2083
A434461,2084
A151960,2085
A790465,2086
A579013,2087
A393241,2088
A874165,2089
A725874,2090
A226853,2091
A170613,2092
A331018,2093
A315468,2094
A299401,2095
A542537,2096
A767476,2097
A773548,2098
A445631,2099
A609656,2100
A635222,2101
A896678,2102
A869830,2103
A707355,2104
A737535,2105
A862863,2106
A713483,2107
A664277,2108
A520278,2109
A210421,2110
A257856,2111
A562660,2112
A415615,2113
A923296,2114
A111057,2115
A538760,2116
A867698,2117
A616400,2118
A853621,2119
A670966,2120
A500532,2121
A449195,2122
A108662,2123
A183057,2124
A701364,2125
A975096,2126
A159544,2127
A328206,2128
A770352,2129
A606702,2130
A701677,2131
A511398,2132
A720857,2133
A786901,2134
A440992,2135
A649475,2136
A647201,2137
A489986,2138
A483016,2139
A106627,2140
A507945,2141
A939624,2142
A515777,2143
A320338,2144
A206383,2145
A537708,2146
A761793,2147
A310625,2148
A106173,2149
A441004,2150
A706482,2151
A946258,2152
A901682,2153
A644263,2154
A964174,2155
A816085,2156
A271320,2157
A101581,2158
A817023,2159
A647188,2160
A774022,2161
A602250,2162
A589126,2163
A452926,2164
A852223,2165
A307346,2166
A677406,2167
A194074,2168
A524202,2169
A825686,2170
A112146,2171
A722166,2172
A337554,2173
A471493,2174
A522078,2175
A994872,2176
A205195,2177
A425466,2178
A252518,2179
A467439,2180
A472526,2181
A831028,2182
A232001,2183
A493857,2184
A747943,2185
A277977,2186
A870241,2187
A780316,2188
A803525,2189
A263211,2190
A791595,2191
A755610,2192
A551984,2193
A922692,2194
A947368,2195
A765014,2196
A922681,2197
A446362,2198
A205716,2199
A917403,2200
A293420,2201
A655164,2202
A572668,2203
A284165,2204
A527286,2205
A767312,2206
A217883,2207
A191060,2208
A608078,2209
A861800,2210
A480927,2211
A378715,2212
A462240,2213
A349708,2214
A980807,2215
A541258,2216
A965643,2217
A224411,2218
A644694,2219
A533907,2220
A594429,2221
A414612,2222
A481404,2223
A399840,2224
A690214,2225
A878494,2226
A453586,2227
A304613,2228
A899049,2229
A937308,2230
A473737,2231
A173112,2232
A770569,2233
A862835,2234
A668842,2235
A138570,2236
A612644,2237
A847648,2238
A765910,2239
A956469,2240
A537106,2241
A283083,2242
A772965,2243
A831963,2244
A970163,2245
A675095,2246
A324441,2247
A191951,2248
A455286,2249
A823053,2250
A691206,2251
A385380,2252
A988267,2253
A561502,2254
A775123,2255
A809182,2256
A162302,2257
A231037,2258
A847549,2259
A442026,2260
A511387,2261
A594926,2262
A106096,2263
A991227,2264
A704006,2265
A848096,2266
A245694,2267
A129734,2268
A457231,2269
A846651,2270
A444697,2271
A889240,2272
A244069,2273
A197618,2274
A171126,2275
A687762,2276
A144614,2277
A467244,2278
A881345,2279
A418806,2280
A947663,2281
A491132,2282
A414448,2283
A893121,2284
A866267,2285
A779872,2286
A213100,2287
A544869,2288
A430859,2289
A696486,2290
A215312,2291
A713022,2292
A641731,2293
A207958,2294
A307174,2295
A896487,2296
A845879,2297
A134512,2298
A486017,2299
A267814,2300
A282292,2301
A816893,2302
A262255,2303
A222524,2304
A707535,2305
A571854,2306
A515397,2307
A611560,2308
A874023,2309
A564620,2310
A294696,2311
A749871,2312
A139444,2313
A761023,2314
A713235,2315
A737379,2316
A185682,2317
A280895,2318
A206924,2319
A933593,2320
A679384,2321
A265330,2322
A995169,2323
A393665,2324
A503537,2325
A959719,2326
A279107,2327
A570206,2328
A537415,2329
A179205,2330
A128836,2331
A743820,2332
A320309,2333
A557079,2334
A752341,2335
A318771,2336
A178818,2337
A179346,2338
A797456,2339
A254519,2340
A333176,2341
A483141,2342
A912086,2343
A308613,2344
A397421,2345
A959599,2346
A501948,2347
A305697,2348
A513899,2349
A398371,2350
A911900,2351
A543390,2352
A956423,2353
A497612,2354
A142495,2355
A818729,2356
A983350,2357
A627615,2358
A150028,2359
A514622,2360
A244780,2361
A951267,2362
A160514,2363
A942570,2364
A115112,2365
A620713,2366
A455778,2367
A389556,2368
A699131,2369
A121608,2370
A751273,2371
A361056,2372
A699545,2373
A475560,2374
A726127,2375
A843907,2376
A689341,2377
A688488,2378
A834569,2379
A287371,2380
A672209,2381
A891308,2382
A807912,2383
A484733,2384
A725051,2385
A533536,2386
A665605,2387
A523194,2388
A515309,2389
A271735,2390
A762040,2391
A459373,2392
A267739,2393
A290000,2394
A734942,2395
A808444,2396
A230276,2397
A817959,2398
A542615,2399
A487112,2400
A362526,2401
A808784,2402
A382488,2403
A324976,2404
A159491,2405
A670920,2406
A681134,2407
A202208,2408
A731534,2409
A429849,2410
A634414,2411
A767354,2412
A146300,2413
A226133,2414
A478782,2415
A740794,2416
A409037,2417
A700457,2418
A615783,2419
A868897,2420
A300055,2421
A550133,2422
A852828,2423
A326548,2424
A928757,2425
A880128,2426
A134198,2427
A779573,2428
A195405,2429
A273464,2430
A515435,2431
A522193,2432
A975957,2433
A195204,2434
A137431,2435
A495162,2436
A275946,2437
A121109,2438
A276659,2439
A432073,2440
A405673,2441
A600360,2442
A536442,2443
A130410,2444
A821282,2445
A158976,2446
A902770,2447
A141972,2448
A273607,2449
A465643,2450
A374613,2451
A712273,2452
A282825,2453
A260059,2454
A973134,2455
A237621,2456
A608679,2457
A989704,2458
A995340,2459
A445486,2460
A679089,2461
A406792,2462
A276857,2463
A576638,2464
A275753,2465
A721999,2466
A794465,2467
A362338,2468
A853622,2469
A126632,2470
A289819,2471
A295937,2472
A433611,2473
A596952,2474
A170600,2475
A398171,2476
A234320,2477
A446092,2478
A970953,2479
A227084,2480
A966035,2481
A770520,2482
A792434,2483
A820592,2484
A283009,2485
A684599,2486
A499415,2487
A677439,2488
A148639,2489
A672227,2490
A208858,2491
A851707,2492
A626312,2493
A740291,2494
A698480,2495
A270698,2496
A501268,2497
A630203,2498
A570524,2499
A299085,2500
A441410,2501
A510629,2502
A355531,2503
A775775,2504
A930468,2505
A894817,2506
A608418,2507
A909094,2508
A777222,2509
A590007,2510
A506046,2511
A337352,2512
A917682,2513
A989228,2514
A112994,2515
A826358,2516
A880609,2517
A619655,2518
A844267,2519
A117085,2520
A461137,2521
A357003,2522
A325832,2523
A487059,2524
A357750,2525
A513863,2526
A351659,2527
A791518,2528
A983818,2529
A944170,2530
A676035,2531
A827468,2532
A461650,2533
A500557,2534
A172954,2535
A987040,2536
A983935,2537
A615769,2538
A708658,2539
A488826,2540
A871981,2541
A611680,2542
A135077,2543
A478316,2544
A458685,2545
A966293,2546
A849398,2547
A667362,2548
A393029,2549
A438037,2550
A603255,2551
A701054,2552
A778866,2553
A857476,2554
A307586,2555
A871196,2556
A665626,2557
A947786,2558
A841630,2559
A628547,2560
A182916,2561
A143555,2562
A194623,2563
A291068,2564
A501536,2565
A564219,2566
A349724,2567
A390306,2568
A122233,2569
A521192,2570
A839144,2571
A352271,2572
A195646,2573
A755343,2574
A759445,2575
A487366,2576
A191250,2577
A128694,2578
A661116,2579
A129949,2580
A849791,2581
A286909,2582
A370614,2583
A369117,2584
A143159,2585
A446174,2586
A140400,2587
A899858,2588
A576165,2589
A487666,2590
A680625,2591
A262657,2592
A593706,2593
A171640,2594
A890654,2595
A405980,2596
A722627,2597
A742144,2598
A154878,2599
A968988,2600
A874928,2601
A348232,2602
A420630,2603
A968304,2604
A224298,2605
A364432,2606
A982302,2607
A499084,2608
A802843,2609
A832346,2610
A339572,2611
A393560,2612
A417026,2613
A767220,2614
A241152,2615
A610443,2616
A464068,2617
A537455,2618
A823328,2619
A388219,2620
A587981,2621
A221465,2622
A982205,2623
A323305,2624
A485387,2625
A295656,2626
A853636,2627
A832131,2628
A402351,2629
A102997,2630
A440655,2631
A312995,2632
A282829,2633
A434930,2634
A220415,2635
A110796,2636
A717868,2637
A490211,2638
A319415,2639
A439841,2640
A827105,2641
A470925,2642
A557445,2643
A705425,2644
A293683,2645
A562400,2646
A205653,2647
A217414,2648
A517796,2649
A818674,2650
A622146,2651
A695387,2652
A849786,2653
A190226,2654
A860948,2655
A750290,2656
A535922,2657
A218902,2658
A637589,2659
A744697,2660
A870198,2661
A359434,2662
A712813,2663
A463555,2664
A432688,2665
A872487,2666
A763191,2667
A498252,2668
A200554,2669
A166617,2670
A252635,2671
A663837,2672
A836232,2673
A151386,2674
A452660,2675
A675077,2676
A661529,2677
A679444,2678
A421122,2679
A279466,2680
A445932,2681
A757295,2682
A113286,2683
A790469,2684
A528933,2685
A339632,2686
A647646,2687
A420296,2688
A226711,2689
A397447,2690
A796843,2691
A140020,2692
A203738,2693
A389831,2694
A972110,2695
A792014,2696
A266754,2697
A710236,2698
A886838,2699
A579496,2700
A813875,2701
A705907,2702
A316848,2703
A999103,2704
A563209,2705
A820767,2706
A681578,2707
A910456,2708
A685964,2709
A302893,2710
A134468,2711
A130957,2712
A924484,2713
A135638,2714
A393493,2715
A196016,2716
A640610,2717
A704044,2718
A891227,2719
A627546,2720
A603608,2721
A729629,2722
A508055,2723
A613237,2724
A229999,2725
A138005,2726
A288643,2727
A355384,2728
A395292,2729
A618904,2730
A785275,2731
A344058,2732
A161864,2733
A373868,2734
A502048,2735
A925623,2736
A332110,2737
A329017,2738
A378035,2739
A805875,2740
A848828,2741
A429983,2742
A879622,2743
A235602,2744
A797428,2745
A442395,2746
A290375,2747
A963916,2748
A992315,2749
A784227,2750
A999628,2751
A677467,2752
A517374,2753
A245045,2754
A345121,2755
A463637,2756
A213978,2757
A462521,2758
A316378,2759
A364749,2760
A413191,2761
A607151,2762
A927998,2763
A428569,2764
A507863,2765
A468993,2766
A520660,2767
A738194,2768
A269308,2769
A725783,2770
A870123,2771
A922898,2772
A176436,2773
A557703,2774
A786078,2775
A358195,2776
A237485,2777
A510168,2778
A626425,2779
A984887,2780
A386454,2781
A158299,2782
A413389,2783
A570719,2784
A570578,2785
A935512,2786
A319099,2787
A876205,2788
A370142,2789
A908808,2790
A290681,2791
A462553,2792
A105510,2793
A606316,2794
A354942,2795
A352085,2796
A461950,2797
A752076,2798
A440044,2799
A308331,2800
A934016,2801
A425697,2802
A424770,2803
A157535,2804
A260340,2805
A564500,2806
A860749,2807
A532270,2808
A134182,2809
A776342,2810
A503422,2811
A905254,2812
A299070,2813
A595919,2814
A345137,2815
A824833,2816
A489187,2817
A130557,2818
A226014,2819
A341636,2820
A423984,2821
A183198,2822
A658727,2823
A597150,2824
A439772,2825
A242035,2826
A352485,2827
A661438,2828
A638686,2829
A303880,2830
A384243,2831
A261779,2832
A458180,2833
A376111,2834
A164314,2835
A201068,2836
A441846,2837
A249525,2838
A346558,2839
A269039,2840
A380454,2841
A148182,2842
A883467,2843
A871285,2844
A448645,2845
A245955,2846
A982137,2847
A303791,2848
A931766,2849
A660225,2850
A428521,2851
A969233,2852
A511020,2853
A977625,2854
A865211,2855
A387575,2856
A667831,2857
A638569,2858
A752447,2859
A182614,2860
A298779,2861
A268528,2862
A753723,2863
A405799,2864
A984915,2865
A142484,2866
A747539,2867
A479306,2868
A687409,2869
A347581,2870
A925546,2871
A845585,2872
A183245,2873
A952279,2874
A256618,2875
A168176,2876
A445293,2877
A136763,2878
A535038,2879
A746834,2880
A297710,2881
A976959,2882
A152459,2883
A713205,2884
A530414,2885
A455848,2886
A124117,2887
A878948,2888
A305167,2889
A786667,2890
A341577,2891
A235270,2892
A449808,2893
A576297,2894
A938071,2895
A895094,2896
A884487,2897
A531020,2898
A884434,2899
A637336,2900
A399264,2901
A429421,2902
A966723,2903
A613935,2904
A649085,2905
A522634,2906
A133646,2907
A254129,2908
A102565,2909
A817871,2910
A113681,2911
A724999,2912
A891957,2913
A266163,2914
A763849,2915
A296376,2916
A288453,2917
A325208,2918
A347394,2919
A576881,2920
A993037,2921
A704682,2922
A682903,2923
A325081,2924
A421168,2925
A211442,2926
A292657,2927
A545381,2928
A756460,2929
A863174,2930
A686127,2931
A797472,2932
A463731,2933
A301433,2934
A557135,2935
A557105,2936
A308127,2937
A170163,2938
A621648,2939
A672411,2940
A911901,2941
A897882,2942
A844570,2943
A103531,2944
A815682,2945
A684182,2946
A224073,2947
A718735,2948
A101619,2949
A479087,2950
A698488,2951
A534329,2952
A603024,2953
A126353,2954
A777776,2955
A456228,2956
A284601,2957
A966720,2958
A155787,2959
A968969,2960
A151613,2961
A442163,2962
A348216,2963
A953684,2964
A132427,2965
A674480,2966
A558923,2967
A704817,2968
A454275,2969
A660999,2970
A283523,2971
A949292,2972
A408154,2973
A189877,2974
A416803,2975
A247715,2976
A804275,2977
A848802,2978
A984096,2979
A676793,2980
A687514,2981
A613877,2982
A278596,2983
A182636,2984
A642554,2985
A424920,2986
A466877,2987
A128221,2988
A364374,2989
A550122,2990
A737654,2991
A301186,2992
A186077,2993
A515542,2994
A151502,2995
